<?xml version="1.0" encoding="iso-8859-1"?>
<pnml>
<net id="Net-One" type="PrT net">
<tokenclass id="Default" enabled="true" red="0" green="0" blue="0"/>
<labels x="81" y="360" width="235" height="24" border="true">
<text>INIT P1(A), P1(B), P1(C), P1(D), P1(E)</text>
</labels>
<place id="P1">
<graphics>
<position x="60.0" y="135.0"/>
</graphics>
<name>
<value>P1</value>
<graphics>
<offset x="-5.0" y="35.0"/>
</graphics>
</name>
<initialMarking>
<value>Default,</value>
<graphics>
<offset x="0.0" y="0.0"/>
</graphics>
</initialMarking>
<capacity>
<value>0</value>
</capacity>
</place>
<place id="P2">
<graphics>
<position x="255.0" y="135.0"/>
</graphics>
<name>
<value>P2</value>
<graphics>
<offset x="-5.0" y="35.0"/>
</graphics>
</name>
<initialMarking>
<value>Default,</value>
<graphics>
<offset x="0.0" y="0.0"/>
</graphics>
</initialMarking>
<capacity>
<value>0</value>
</capacity>
</place>
<place id="P3">
<graphics>
<position x="450.0" y="135.0"/>
</graphics>
<name>
<value>P3</value>
<graphics>
<offset x="-5.0" y="35.0"/>
</graphics>
</name>
<initialMarking>
<value>Default,</value>
<graphics>
<offset x="0.0" y="0.0"/>
</graphics>
</initialMarking>
<capacity>
<value>0</value>
</capacity>
</place>
<transition id="T1">
<graphics>
<position x="150.0" y="135.0"/>
</graphics>
<name>
<value>T1</value>
<graphics>
<offset x="90.0" y="47.0"/>
</graphics>
</name>
<orientation>
<value>0</value>
</orientation>
<guard>
<value>belongsTo(x, A, B, C)</value>
</guard>
<effect>
<value/>
</effect>
<subnet>
<value/>
</subnet>
<rate>
<value>1.0</value>
</rate>
<timed>
<value>true</value>
</timed>
<infiniteServer>
<value>false</value>
</infiniteServer>
<priority>
<value>1</value>
</priority>
</transition>
<transition id="T2">
<graphics>
<position x="345.0" y="135.0"/>
</graphics>
<name>
<value>T2</value>
<graphics>
<offset x="88.0" y="52.0"/>
</graphics>
</name>
<orientation>
<value>0</value>
</orientation>
<guard>
<value>not belongsTo(y, C, D)</value>
</guard>
<effect>
<value/>
</effect>
<subnet>
<value/>
</subnet>
<rate>
<value>1.0</value>
</rate>
<timed>
<value>true</value>
</timed>
<infiniteServer>
<value>false</value>
</infiniteServer>
<priority>
<value>1</value>
</priority>
</transition>
<arc id="P1 to T1" source="P1" target="T1">
<graphics/>
<inscription>
<value>Default,x</value>
<graphics/>
</inscription>
<tagged>
<value>false</value>
</tagged>
<arcpath id="000" x="86" y="147" curvePoint="false"/>
<arcpath id="001" x="156" y="147" curvePoint="false"/>
<type value="normal"/>
</arc>
<arc id="P2 to T2" source="P2" target="T2">
<graphics/>
<inscription>
<value>Default,y</value>
<graphics/>
</inscription>
<tagged>
<value>false</value>
</tagged>
<arcpath id="000" x="281" y="147" curvePoint="false"/>
<arcpath id="001" x="351" y="147" curvePoint="false"/>
<type value="normal"/>
</arc>
<arc id="T1 to P2" source="T1" target="P2">
<graphics/>
<inscription>
<value>Default,x</value>
<graphics/>
</inscription>
<tagged>
<value>false</value>
</tagged>
<arcpath id="000" x="166" y="147" curvePoint="false"/>
<arcpath id="001" x="252" y="147" curvePoint="false"/>
<type value="normal"/>
</arc>
<arc id="T2 to P3" source="T2" target="P3">
<graphics/>
<inscription>
<value>Default,y</value>
<graphics/>
</inscription>
<tagged>
<value>false</value>
</tagged>
<arcpath id="000" x="361" y="147" curvePoint="false"/>
<arcpath id="001" x="447" y="147" curvePoint="false"/>
<type value="normal"/>
</arc>
</net>
</pnml>
