<?xml version="1.0" encoding="iso-8859-1"?>
<pnml>
<net id="Net-One" type="PrT net">
<tokenclass id="Default" enabled="true" red="0" green="0" blue="0"/>
<labels x="875" y="389" width="121" height="16" border="true">
<text>GOAL P3(1,3)</text>
</labels>
<labels x="873" y="304" width="121" height="22" border="true">
<text>INIT P2(1), P2(2)</text>
</labels>
<labels x="20" y="20" width="1006" height="120" border="true">
<text>This example illustrates the following features of general function nets: 
  (1) multiple labels on the same arc, i.e.,  &lt;y&gt; and &lt;z&gt; on the arc from P2 to T1; 
  (2) arithmetic expressions in guard conditions; 
  (3) negative numbers as strings.
  (4) inhibitor arc from a place to a transition, i.e., P1 to T1; 
  (5) reset arc (from T3 to P3). All tokens in P3 are removed after T3 is fired
  (6) init/goal states through annotations.
The semantics of T1 can be defined by Precondition: not P1(x) &amp;&amp; P2(y) &amp;&amp; P2(z) &amp;&amp; y!=z and Postcondition: P3(y,s) &amp;&amp; P3(z,s), where s=y+z. Use the simulator to demonstrate the meanings of these features. </text>
</labels>
<place id="P1">
<graphics>
<position x="30.0" y="270.0"/>
</graphics>
<name>
<value>P1</value>
<graphics>
<offset x="-5.0" y="35.0"/>
</graphics>
</name>
<initialMarking>
<value>Default,</value>
<graphics>
<offset x="0.0" y="0.0"/>
</graphics>
</initialMarking>
<capacity>
<value>0</value>
</capacity>
</place>
<place id="P2">
<graphics>
<position x="30.0" y="345.0"/>
</graphics>
<name>
<value>P2</value>
<graphics>
<offset x="-5.0" y="35.0"/>
</graphics>
</name>
<initialMarking>
<value>Default,</value>
<graphics>
<offset x="0.0" y="0.0"/>
</graphics>
</initialMarking>
<capacity>
<value>0</value>
</capacity>
</place>
<place id="P3">
<graphics>
<position x="270.0" y="300.0"/>
</graphics>
<name>
<value>P3</value>
<graphics>
<offset x="-5.0" y="35.0"/>
</graphics>
</name>
<initialMarking>
<value>Default,</value>
<graphics>
<offset x="0.0" y="0.0"/>
</graphics>
</initialMarking>
<capacity>
<value>0</value>
</capacity>
</place>
<place id="P4">
<graphics>
<position x="480.0" y="300.0"/>
</graphics>
<name>
<value>P4</value>
<graphics>
<offset x="-5.0" y="35.0"/>
</graphics>
</name>
<initialMarking>
<value>Default,</value>
<graphics>
<offset x="0.0" y="0.0"/>
</graphics>
</initialMarking>
<capacity>
<value>0</value>
</capacity>
</place>
<place id="P5">
<graphics>
<position x="765.0" y="300.0"/>
</graphics>
<name>
<value>P5</value>
<graphics>
<offset x="-5.0" y="35.0"/>
</graphics>
</name>
<initialMarking>
<value>Default,</value>
<graphics>
<offset x="0.0" y="0.0"/>
</graphics>
</initialMarking>
<capacity>
<value>0</value>
</capacity>
</place>
<transition id="T1">
<graphics>
<position x="135.0" y="300.0"/>
</graphics>
<name>
<value>T1(y,z)</value>
<graphics>
<offset x="64.0" y="-35.0"/>
</graphics>
</name>
<orientation>
<value>0</value>
</orientation>
<guard>
<value>y!=z, s=y+z</value>
</guard>
<effect>
<value/>
</effect>
<rate>
<value>1.0</value>
</rate>
<timed>
<value>true</value>
</timed>
<infiniteServer>
<value>false</value>
</infiniteServer>
<priority>
<value>1</value>
</priority>
</transition>
<transition id="T2">
<graphics>
<position x="375.0" y="300.0"/>
</graphics>
<name>
<value>T2</value>
<graphics>
<offset x="117.0" y="-34.0"/>
</graphics>
</name>
<orientation>
<value>0</value>
</orientation>
<guard>
<value>isOdd(y), not isEven(s)</value>
</guard>
<effect>
<value/>
</effect>
<rate>
<value>1.0</value>
</rate>
<timed>
<value>true</value>
</timed>
<infiniteServer>
<value>false</value>
</infiniteServer>
<priority>
<value>1</value>
</priority>
</transition>
<transition id="T3">
<graphics>
<position x="600.0" y="300.0"/>
</graphics>
<name>
<value>T3</value>
<graphics>
<offset x="164.0" y="-33.0"/>
</graphics>
</name>
<orientation>
<value>0</value>
</orientation>
<guard>
<value>a= s + 5, b=s*r, c=a/b, d=a-"2", e=a+"-1"</value>
</guard>
<effect>
<value/>
</effect>
<rate>
<value>1.0</value>
</rate>
<timed>
<value>true</value>
</timed>
<infiniteServer>
<value>false</value>
</infiniteServer>
<priority>
<value>1</value>
</priority>
</transition>
<transition id="T4">
<graphics>
<position x="180.0" y="405.0"/>
</graphics>
<name>
<value>T4</value>
<graphics>
<offset x="-5.0" y="35.0"/>
</graphics>
</name>
<orientation>
<value>0</value>
</orientation>
<guard>
<value/>
</guard>
<effect>
<value/>
</effect>
<rate>
<value>1.0</value>
</rate>
<timed>
<value>true</value>
</timed>
<infiniteServer>
<value>false</value>
</infiniteServer>
<priority>
<value>1</value>
</priority>
</transition>
<arc id="P1 to T1" source="P1" target="T1">
<graphics/>
<inscription>
<value>Default,x</value>
<graphics/>
</inscription>
<tagged>
<value/>
</tagged>
<arcpath id="000" x="56" y="286" curvePoint="false"/>
<arcpath id="001" x="142" y="307" curvePoint="false"/>
<type value="inhibitor"/>
</arc>
<arc id="P2 to T1" source="P2" target="T1">
<graphics/>
<inscription>
<value>Default,&lt;y&gt;&amp;&lt;z&gt;</value>
<graphics/>
</inscription>
<tagged>
<value>false</value>
</tagged>
<arcpath id="000" x="55" y="350" curvePoint="false"/>
<arcpath id="001" x="141" y="317" curvePoint="false"/>
<type value="normal"/>
</arc>
<arc id="P3 to T2" source="P3" target="T2">
<graphics/>
<inscription>
<value>Default,&lt;y, s&gt;</value>
<graphics/>
</inscription>
<tagged>
<value>false</value>
</tagged>
<arcpath id="000" x="296" y="312" curvePoint="false"/>
<arcpath id="001" x="381" y="312" curvePoint="false"/>
<type value="normal"/>
</arc>
<arc id="P4 to T3" source="P4" target="T3">
<graphics/>
<inscription>
<value>Default,r, s</value>
<graphics/>
</inscription>
<tagged>
<value>false</value>
</tagged>
<arcpath id="000" x="506" y="312" curvePoint="false"/>
<arcpath id="001" x="606" y="312" curvePoint="false"/>
<type value="normal"/>
</arc>
<arc id="P5 to T4" source="P5" target="T4">
<graphics/>
<inscription>
<value>Default,&lt;a,b,c&gt; &amp; &lt;c,d,e&gt;</value>
<graphics/>
</inscription>
<tagged>
<value>false</value>
</tagged>
<arcpath id="000" x="773" y="326" curvePoint="false"/>
<arcpath id="001" x="753" y="393" curvePoint="true"/>
<arcpath id="002" x="708" y="423" curvePoint="true"/>
<arcpath id="003" x="543" y="423" curvePoint="true"/>
<arcpath id="004" x="196" y="417" curvePoint="true"/>
<type value="normal"/>
</arc>
<arc id="T1 to P3" source="T1" target="P3">
<graphics/>
<inscription>
<value>Default,&lt;y, s&gt; &amp;&lt;z, s&gt;</value>
<graphics/>
</inscription>
<tagged>
<value>false</value>
</tagged>
<arcpath id="000" x="151" y="312" curvePoint="false"/>
<arcpath id="001" x="267" y="312" curvePoint="false"/>
<type value="normal"/>
</arc>
<arc id="T2 to P4" source="T2" target="P4">
<graphics/>
<inscription>
<value>Default,y, s</value>
<graphics/>
</inscription>
<tagged>
<value>false</value>
</tagged>
<arcpath id="000" x="391" y="312" curvePoint="false"/>
<arcpath id="001" x="477" y="312" curvePoint="false"/>
<type value="normal"/>
</arc>
<arc id="T3 to P3" source="T3" target="P3">
<graphics/>
<inscription>
<value>Default,RESET</value>
<graphics/>
</inscription>
<tagged>
<value>false</value>
</tagged>
<arcpath id="000" x="612" y="327" curvePoint="false"/>
<arcpath id="001" x="588" y="363" curvePoint="true"/>
<arcpath id="002" x="498" y="378" curvePoint="true"/>
<arcpath id="003" x="408" y="378" curvePoint="true"/>
<arcpath id="004" x="348" y="363" curvePoint="true"/>
<arcpath id="005" x="293" y="321" curvePoint="true"/>
<type value="normal"/>
</arc>
<arc id="T3 to P5" source="T3" target="P5">
<graphics/>
<inscription>
<value>Default,&lt;a, b, c&gt; &amp; &lt;c, d, e&gt;</value>
<graphics/>
</inscription>
<tagged>
<value>false</value>
</tagged>
<arcpath id="000" x="616" y="312" curvePoint="false"/>
<arcpath id="001" x="762" y="312" curvePoint="false"/>
<type value="normal"/>
</arc>
<arc id="T4 to P2" source="T4" target="P2">
<graphics/>
<inscription>
<value>Default,&lt;a&gt; &amp; &lt;c&gt;</value>
<graphics/>
</inscription>
<tagged>
<value>false</value>
</tagged>
<arcpath id="000" x="186" y="417" curvePoint="false"/>
<arcpath id="001" x="54" y="365" curvePoint="true"/>
<type value="normal"/>
</arc>
</net>
</pnml>
