<?xml version="1.0" encoding="iso-8859-1"?>
<pnml>
<net id="Net-One" type="PrT net">
<tokenclass id="Default" enabled="true" red="0" green="0" blue="0"/>
<labels x="529" y="121" width="224" height="25" border="false">
<text>INIT readyToSend(1), readyToReceive</text>
</labels>
<labels x="21" y="23" width="717" height="40" border="true">
<text>This is a slightly enhanced version of the simple communication protocol in communication.xmid.
The messages on the sender side are represented by integers. The first is 1, as specified in the initial state - readyToSend(1). The receiver side, however, does not care about the message contents. </text>
</labels>
<place id="P1">
<graphics>
<position x="165.0" y="135.0"/>
</graphics>
<name>
<value>readyToSend</value>
<graphics>
<offset x="51.0" y="-13.0"/>
</graphics>
</name>
<initialMarking>
<value>Default,</value>
<graphics>
<offset x="0.0" y="0.0"/>
</graphics>
</initialMarking>
<capacity>
<value>0</value>
</capacity>
</place>
<place id="P2">
<graphics>
<position x="165.0" y="255.0"/>
</graphics>
<name>
<value>waitForAck</value>
<graphics>
<offset x="101.0" y="13.0"/>
</graphics>
</name>
<initialMarking>
<value>Default,</value>
<graphics>
<offset x="0.0" y="0.0"/>
</graphics>
</initialMarking>
<capacity>
<value>0</value>
</capacity>
</place>
<place id="P3">
<graphics>
<position x="165.0" y="405.0"/>
</graphics>
<name>
<value>ackReceived</value>
<graphics>
<offset x="104.0" y="24.0"/>
</graphics>
</name>
<initialMarking>
<value>Default,</value>
<graphics>
<offset x="0.0" y="0.0"/>
</graphics>
</initialMarking>
<capacity>
<value>0</value>
</capacity>
</place>
<place id="P4">
<graphics>
<position x="375.0" y="135.0"/>
</graphics>
<name>
<value>readyToReceive</value>
<graphics>
<offset x="59.0" y="-9.0"/>
</graphics>
</name>
<initialMarking>
<value>Default,</value>
<graphics>
<offset x="0.0" y="0.0"/>
</graphics>
</initialMarking>
<capacity>
<value>0</value>
</capacity>
</place>
<place id="P5">
<graphics>
<position x="375.0" y="270.0"/>
</graphics>
<name>
<value>messageReceived</value>
<graphics>
<offset x="12.0" y="39.0"/>
</graphics>
</name>
<initialMarking>
<value>Default,</value>
<graphics>
<offset x="0.0" y="0.0"/>
</graphics>
</initialMarking>
<capacity>
<value>0</value>
</capacity>
</place>
<place id="P6">
<graphics>
<position x="375.0" y="405.0"/>
</graphics>
<name>
<value>ackSent</value>
<graphics>
<offset x="-3.0" y="24.0"/>
</graphics>
</name>
<initialMarking>
<value>Default,</value>
<graphics>
<offset x="0.0" y="0.0"/>
</graphics>
</initialMarking>
<capacity>
<value>0</value>
</capacity>
</place>
<place id="P7">
<graphics>
<position x="270.0" y="195.0"/>
</graphics>
<name>
<value>msgBuffer</value>
<graphics>
<offset x="78.0" y="38.0"/>
</graphics>
</name>
<initialMarking>
<value>Default,</value>
<graphics>
<offset x="0.0" y="0.0"/>
</graphics>
</initialMarking>
<capacity>
<value>0</value>
</capacity>
</place>
<place id="P8">
<graphics>
<position x="270.0" y="330.0"/>
</graphics>
<name>
<value>ackBuffer</value>
<graphics>
<offset x="92.0" y="22.0"/>
</graphics>
</name>
<initialMarking>
<value>Default,</value>
<graphics>
<offset x="0.0" y="0.0"/>
</graphics>
</initialMarking>
<capacity>
<value>0</value>
</capacity>
</place>
<transition id="process1">
<graphics>
<position x="75.0" y="255.0"/>
</graphics>
<name>
<value>process1</value>
<graphics>
<offset x="84.0" y="30.0"/>
</graphics>
</name>
<orientation>
<value>90</value>
</orientation>
<guard>
<value>y=x+1</value>
</guard>
<effect>
<value/>
</effect>
<rate>
<value>1.0</value>
</rate>
<timed>
<value>true</value>
</timed>
<infiniteServer>
<value>false</value>
</infiniteServer>
<priority>
<value>1</value>
</priority>
</transition>
<transition id="process2">
<graphics>
<position x="480.0" y="270.0"/>
</graphics>
<name>
<value>process2</value>
<graphics>
<offset x="10.0" y="0.0"/>
</graphics>
</name>
<orientation>
<value>90</value>
</orientation>
<guard>
<value/>
</guard>
<effect>
<value/>
</effect>
<rate>
<value>1.0</value>
</rate>
<timed>
<value>true</value>
</timed>
<infiniteServer>
<value>false</value>
</infiniteServer>
<priority>
<value>1</value>
</priority>
</transition>
<transition id="receiveAck">
<graphics>
<position x="165.0" y="330.0"/>
</graphics>
<name>
<value>receiveAck</value>
<graphics>
<offset x="87.0" y="32.0"/>
</graphics>
</name>
<orientation>
<value>90</value>
</orientation>
<guard>
<value/>
</guard>
<effect>
<value/>
</effect>
<rate>
<value>1.0</value>
</rate>
<timed>
<value>true</value>
</timed>
<infiniteServer>
<value>false</value>
</infiniteServer>
<priority>
<value>1</value>
</priority>
</transition>
<transition id="receiveMessage">
<graphics>
<position x="375.0" y="195.0"/>
</graphics>
<name>
<value>receiveMessage</value>
<graphics>
<offset x="111.0" y="30.0"/>
</graphics>
</name>
<orientation>
<value>90</value>
</orientation>
<guard>
<value/>
</guard>
<effect>
<value/>
</effect>
<rate>
<value>1.0</value>
</rate>
<timed>
<value>true</value>
</timed>
<infiniteServer>
<value>false</value>
</infiniteServer>
<priority>
<value>1</value>
</priority>
</transition>
<transition id="sendAck">
<graphics>
<position x="375.0" y="330.0"/>
</graphics>
<name>
<value>sendAck</value>
<graphics>
<offset x="75.0" y="1.0"/>
</graphics>
</name>
<orientation>
<value>90</value>
</orientation>
<guard>
<value/>
</guard>
<effect>
<value/>
</effect>
<rate>
<value>1.0</value>
</rate>
<timed>
<value>true</value>
</timed>
<infiniteServer>
<value>false</value>
</infiniteServer>
<priority>
<value>1</value>
</priority>
</transition>
<transition id="T1">
<graphics>
<position x="165.0" y="195.0"/>
</graphics>
<name>
<value>sendMessage</value>
<graphics>
<offset x="103.0" y="-2.0"/>
</graphics>
</name>
<orientation>
<value>90</value>
</orientation>
<guard>
<value/>
</guard>
<effect>
<value/>
</effect>
<rate>
<value>1.0</value>
</rate>
<timed>
<value>true</value>
</timed>
<infiniteServer>
<value>false</value>
</infiniteServer>
<priority>
<value>1</value>
</priority>
</transition>
<arc id="P1 to T1" source="P1" target="T1">
<graphics/>
<inscription>
<value>Default,x</value>
<graphics/>
</inscription>
<tagged>
<value>false</value>
</tagged>
<arcpath id="000" x="176" y="161" curvePoint="false"/>
<arcpath id="001" x="176" y="201" curvePoint="false"/>
<type value="normal"/>
</arc>
<arc id="P2 to receiveAck" source="P2" target="receiveAck">
<graphics/>
<inscription>
<value>Default,x</value>
<graphics/>
</inscription>
<tagged>
<value>false</value>
</tagged>
<arcpath id="000" x="176" y="281" curvePoint="false"/>
<arcpath id="001" x="171" y="336" curvePoint="false"/>
<type value="normal"/>
</arc>
<arc id="P3 to process1" source="P3" target="process1">
<graphics/>
<inscription>
<value>Default,x</value>
<graphics/>
</inscription>
<tagged>
<value>false</value>
</tagged>
<arcpath id="000" x="162" y="415" curvePoint="false"/>
<arcpath id="001" x="136" y="412" curvePoint="true"/>
<arcpath id="002" x="107" y="401" curvePoint="true"/>
<arcpath id="003" x="88" y="358" curvePoint="true"/>
<arcpath id="004" x="86" y="271" curvePoint="true"/>
<type value="normal"/>
</arc>
<arc id="P4 to receiveMessage" source="P4" target="receiveMessage">
<graphics/>
<inscription>
<value>Default,</value>
<graphics/>
</inscription>
<tagged>
<value>false</value>
</tagged>
<arcpath id="000" x="386" y="161" curvePoint="false"/>
<arcpath id="001" x="391" y="202" curvePoint="false"/>
<type value="normal"/>
</arc>
<arc id="P5 to sendAck" source="P5" target="sendAck">
<graphics/>
<inscription>
<value>Default,</value>
<graphics/>
</inscription>
<tagged>
<value>false</value>
</tagged>
<arcpath id="000" x="386" y="296" curvePoint="false"/>
<arcpath id="001" x="386" y="336" curvePoint="false"/>
<type value="normal"/>
</arc>
<arc id="P6 to process2" source="P6" target="process2">
<graphics/>
<inscription>
<value>Default,</value>
<graphics/>
</inscription>
<tagged>
<value>false</value>
</tagged>
<arcpath id="000" x="401" y="416" curvePoint="false"/>
<arcpath id="001" x="445" y="411" curvePoint="true"/>
<arcpath id="002" x="481" y="388" curvePoint="true"/>
<arcpath id="003" x="490" y="340" curvePoint="true"/>
<arcpath id="004" x="491" y="286" curvePoint="true"/>
<type value="normal"/>
</arc>
<arc id="P7 to receiveMessage" source="P7" target="receiveMessage">
<graphics/>
<inscription>
<value>Default,x</value>
<graphics/>
</inscription>
<tagged>
<value>false</value>
</tagged>
<arcpath id="000" x="295" y="200" curvePoint="false"/>
<arcpath id="001" x="334" y="188" curvePoint="true"/>
<arcpath id="002" x="367" y="193" curvePoint="true"/>
<arcpath id="003" x="381" y="201" curvePoint="true"/>
<type value="normal"/>
</arc>
<arc id="P8 to receiveAck" source="P8" target="receiveAck">
<graphics/>
<inscription>
<value>Default,</value>
<graphics/>
</inscription>
<tagged>
<value>false</value>
</tagged>
<arcpath id="000" x="272" y="330" curvePoint="false"/>
<arcpath id="001" x="230" y="300" curvePoint="true"/>
<arcpath id="002" x="181" y="337" curvePoint="true"/>
<type value="normal"/>
</arc>
<arc id="process1 to P1" source="process1" target="P1">
<graphics/>
<inscription>
<value>Default,y</value>
<graphics/>
</inscription>
<tagged>
<value>false</value>
</tagged>
<arcpath id="000" x="86" y="261" curvePoint="false"/>
<arcpath id="001" x="91" y="206" curvePoint="true"/>
<arcpath id="002" x="116" y="163" curvePoint="true"/>
<arcpath id="003" x="162" y="149" curvePoint="true"/>
<type value="normal"/>
</arc>
<arc id="process2 to P4" source="process2" target="P4">
<graphics/>
<inscription>
<value>Default,</value>
<graphics/>
</inscription>
<tagged>
<value>false</value>
</tagged>
<arcpath id="000" x="491" y="276" curvePoint="false"/>
<arcpath id="001" x="489" y="211" curvePoint="true"/>
<arcpath id="002" x="466" y="164" curvePoint="true"/>
<arcpath id="003" x="401" y="148" curvePoint="true"/>
<type value="normal"/>
</arc>
<arc id="receiveAck to P3" source="receiveAck" target="P3">
<graphics/>
<inscription>
<value>Default,x</value>
<graphics/>
</inscription>
<tagged>
<value>false</value>
</tagged>
<arcpath id="000" x="176" y="346" curvePoint="false"/>
<arcpath id="001" x="176" y="402" curvePoint="false"/>
<type value="normal"/>
</arc>
<arc id="receiveMessage to P5" source="receiveMessage" target="P5">
<graphics/>
<inscription>
<value>Default,</value>
<graphics/>
</inscription>
<tagged>
<value>false</value>
</tagged>
<arcpath id="000" x="386" y="211" curvePoint="false"/>
<arcpath id="001" x="386" y="267" curvePoint="false"/>
<type value="normal"/>
</arc>
<arc id="sendAck to P6" source="sendAck" target="P6">
<graphics/>
<inscription>
<value>Default,</value>
<graphics/>
</inscription>
<tagged>
<value>false</value>
</tagged>
<arcpath id="000" x="391" y="347" curvePoint="false"/>
<arcpath id="001" x="386" y="402" curvePoint="false"/>
<type value="normal"/>
</arc>
<arc id="sendAck to P8" source="sendAck" target="P8">
<graphics/>
<inscription>
<value>Default,</value>
<graphics/>
</inscription>
<tagged>
<value>false</value>
</tagged>
<arcpath id="000" x="381" y="346" curvePoint="false"/>
<arcpath id="001" x="341" y="395" curvePoint="true"/>
<arcpath id="002" x="291" y="353" curvePoint="true"/>
<type value="normal"/>
</arc>
<arc id="T1 to P2" source="T1" target="P2">
<graphics/>
<inscription>
<value>Default,x</value>
<graphics/>
</inscription>
<tagged>
<value>false</value>
</tagged>
<arcpath id="000" x="171" y="211" curvePoint="false"/>
<arcpath id="001" x="176" y="252" curvePoint="false"/>
<type value="normal"/>
</arc>
<arc id="T1 to P7" source="T1" target="P7">
<graphics/>
<inscription>
<value>Default,x</value>
<graphics/>
</inscription>
<tagged>
<value>false</value>
</tagged>
<arcpath id="000" x="181" y="212" curvePoint="false"/>
<arcpath id="001" x="237" y="246" curvePoint="true"/>
<arcpath id="002" x="273" y="219" curvePoint="true"/>
<type value="normal"/>
</arc>
</net>
</pnml>
