<?xml version="1.0" encoding="iso-8859-1"?>
<pnml>
<net id="Net-One" type="PrT net">
<tokenclass id="Default" enabled="true" red="0" green="0" blue="0"/>
<labels x="44" y="594" width="459" height="25" border="true">
<text>ASSERTION ontable(x) =&gt; not holding(x)</text>
</labels>
<labels x="45" y="562" width="459" height="25" border="true">
<text>ASSERTION tokenCount(holding, x), x&lt;2</text>
</labels>
<labels x="46" y="431" width="458" height="25" border="true">
<text>GOAL [G1] clear(6), on(6, 3), ontable(3)</text>
</labels>
<labels x="45" y="462" width="458" height="25" border="true">
<text>GOAL [G2] clear(3), clear(6), on(6, 1), ontable(1), ontable(3)</text>
</labels>
<labels x="46" y="497" width="458" height="26" border="true">
<text>GOAL [G3] clear(2), clear(5), on(2, 6), on(5, 3), ontable(3), ontable(6)</text>
</labels>
<labels x="45" y="530" width="459" height="25" border="true">
<text>GOAL [HOME] clear(1), clear(6), on(1, 3), ontable(3), ontable(6)</text>
</labels>
<labels x="46" y="360" width="459" height="26" border="true">
<text>INIT clear(1), clear(6), on(1, 3), ontable(3), ontable(6)</text>
</labels>
<labels x="46" y="398" width="458" height="25" border="true">
<text>INIT clear(2), clear(5), on(2, 3), on(5, 6), ontable(3), ontable(6)</text>
</labels>
<labels x="48" y="633" width="248" height="23" border="true">
<text>SEQUENCES BlocksNetSimuLog1.txt</text>
</labels>
<place id="clear">
<graphics>
<position x="420.0" y="135.0"/>
</graphics>
<name>
<value>clear</value>
<graphics>
<offset x="82.0" y="15.0"/>
</graphics>
</name>
<initialMarking>
<value>Default,(3), (6)</value>
<graphics>
<offset x="0.0" y="0.0"/>
</graphics>
</initialMarking>
<capacity>
<value>0</value>
</capacity>
</place>
<place id="holding">
<graphics>
<position x="195.0" y="135.0"/>
</graphics>
<name>
<value>holding</value>
<graphics>
<offset x="43.0" y="46.0"/>
</graphics>
</name>
<initialMarking>
<value>Default,</value>
<graphics>
<offset x="0.0" y="0.0"/>
</graphics>
</initialMarking>
<capacity>
<value>0</value>
</capacity>
</place>
<place id="on">
<graphics>
<position x="300.0" y="135.0"/>
</graphics>
<name>
<value>on</value>
<graphics>
<offset x="3.0" y="9.0"/>
</graphics>
</name>
<initialMarking>
<value>Default,</value>
<graphics>
<offset x="0.0" y="0.0"/>
</graphics>
</initialMarking>
<capacity>
<value>0</value>
</capacity>
</place>
<place id="ontable">
<graphics>
<position x="75.0" y="135.0"/>
</graphics>
<name>
<value>ontable</value>
<graphics>
<offset x="3.0" y="16.0"/>
</graphics>
</name>
<initialMarking>
<value>Default,(3), (6)</value>
<graphics>
<offset x="0.0" y="0.0"/>
</graphics>
</initialMarking>
<capacity>
<value>0</value>
</capacity>
</place>
<transition id="pickup(x)">
<graphics>
<position x="90.0" y="60.0"/>
</graphics>
<name>
<value>pickup(x)</value>
<graphics>
<offset x="-2.0" y="-3.0"/>
</graphics>
</name>
<orientation>
<value>90</value>
</orientation>
<guard>
<value/>
</guard>
<effect>
<value/>
</effect>
<subnet>
<value/>
</subnet>
<rate>
<value>1.0</value>
</rate>
<timed>
<value>true</value>
</timed>
<infiniteServer>
<value>false</value>
</infiniteServer>
<priority>
<value>1</value>
</priority>
</transition>
<transition id="putdown(x)">
<graphics>
<position x="90.0" y="210.0"/>
</graphics>
<name>
<value>putdown(x)</value>
<graphics>
<offset x="14.0" y="39.0"/>
</graphics>
</name>
<orientation>
<value>90</value>
</orientation>
<guard>
<value/>
</guard>
<effect>
<value/>
</effect>
<subnet>
<value/>
</subnet>
<rate>
<value>1.0</value>
</rate>
<timed>
<value>true</value>
</timed>
<infiniteServer>
<value>false</value>
</infiniteServer>
<priority>
<value>1</value>
</priority>
</transition>
<transition id="stack(x,y)">
<graphics>
<position x="300.0" y="210.0"/>
</graphics>
<name>
<value>stack(x,y)</value>
<graphics>
<offset x="44.0" y="38.0"/>
</graphics>
</name>
<orientation>
<value>90</value>
</orientation>
<guard>
<value>x&lt;&gt;y</value>
</guard>
<effect>
<value/>
</effect>
<subnet>
<value/>
</subnet>
<rate>
<value>1.0</value>
</rate>
<timed>
<value>true</value>
</timed>
<infiniteServer>
<value>false</value>
</infiniteServer>
<priority>
<value>1</value>
</priority>
</transition>
<transition id="unstack(x,y)">
<graphics>
<position x="300.0" y="60.0"/>
</graphics>
<name>
<value>unstack(x,y)</value>
<graphics>
<offset x="64.0" y="-9.0"/>
</graphics>
</name>
<orientation>
<value>90</value>
</orientation>
<guard>
<value>x&lt;&gt;y</value>
</guard>
<effect>
<value/>
</effect>
<subnet>
<value/>
</subnet>
<rate>
<value>1.0</value>
</rate>
<timed>
<value>true</value>
</timed>
<infiniteServer>
<value>false</value>
</infiniteServer>
<priority>
<value>1</value>
</priority>
</transition>
<arc id="holding to pickup(x)" source="holding" target="pickup(x)">
<graphics/>
<inscription>
<value>Default,any</value>
<graphics/>
</inscription>
<tagged>
<value/>
</tagged>
<arcpath id="000" x="200" y="133" curvePoint="false"/>
<arcpath id="001" x="173" y="101" curvePoint="true"/>
<arcpath id="002" x="116" y="72" curvePoint="false"/>
<type value="inhibitor"/>
</arc>
<arc id="holding to unstack(x,y)" source="holding" target="unstack(x,y)">
<graphics/>
<inscription>
<value>Default,any</value>
<graphics/>
</inscription>
<tagged>
<value/>
</tagged>
<arcpath id="000" x="216" y="135" curvePoint="false"/>
<arcpath id="001" x="262" y="92" curvePoint="true"/>
<arcpath id="002" x="296" y="72" curvePoint="false"/>
<type value="inhibitor"/>
</arc>
<arc id="ontable to pickup(x)" source="ontable" target="pickup(x)">
<graphics/>
<inscription>
<value>Default,x</value>
<graphics/>
</inscription>
<tagged>
<value>false</value>
</tagged>
<arcpath id="000" x="90" y="132" curvePoint="false"/>
<arcpath id="001" x="96" y="76" curvePoint="false"/>
<type value="normal"/>
</arc>
<arc id="P2 to T2" source="holding" target="putdown(x)">
<graphics/>
<inscription>
<value>Default,x</value>
<graphics/>
</inscription>
<tagged>
<value>false</value>
</tagged>
<arcpath id="000" x="194" y="155" curvePoint="false"/>
<arcpath id="001" x="106" y="217" curvePoint="false"/>
<type value="normal"/>
</arc>
<arc id="P2 to T3" source="holding" target="stack(x,y)">
<graphics/>
<inscription>
<value>Default,x</value>
<graphics/>
</inscription>
<tagged>
<value>false</value>
</tagged>
<arcpath id="000" x="219" y="155" curvePoint="false"/>
<arcpath id="001" x="306" y="216" curvePoint="false"/>
<type value="normal"/>
</arc>
<arc id="P3 to T1" source="on" target="unstack(x,y)">
<graphics/>
<inscription>
<value>Default,
&lt;x,y&gt;</value>
<graphics/>
</inscription>
<tagged>
<value>false</value>
</tagged>
<arcpath id="000" x="311" y="132" curvePoint="false"/>
<arcpath id="001" x="312" y="77" curvePoint="false"/>
<type value="normal"/>
</arc>
<arc id="P4 to T0" source="clear" target="pickup(x)">
<graphics/>
<inscription>
<value>Default,x</value>
<graphics/>
</inscription>
<tagged>
<value>false</value>
</tagged>
<arcpath id="000" x="435" y="132" curvePoint="false"/>
<arcpath id="001" x="439" y="89" curvePoint="true"/>
<arcpath id="002" x="407" y="48" curvePoint="true"/>
<arcpath id="003" x="341" y="36" curvePoint="true"/>
<arcpath id="004" x="227" y="35" curvePoint="true"/>
<arcpath id="005" x="137" y="46" curvePoint="true"/>
<arcpath id="006" x="101" y="66" curvePoint="true"/>
<type value="normal"/>
</arc>
<arc id="P4 to T1" source="clear" target="unstack(x,y)">
<graphics/>
<inscription>
<value>Default,x</value>
<graphics/>
</inscription>
<tagged>
<value>false</value>
</tagged>
<arcpath id="000" x="425" y="133" curvePoint="false"/>
<arcpath id="001" x="395" y="101" curvePoint="true"/>
<arcpath id="002" x="326" y="72" curvePoint="true"/>
<type value="normal"/>
</arc>
<arc id="P4 to T3" source="clear" target="stack(x,y)">
<graphics/>
<inscription>
<value>Default,
y</value>
<graphics/>
</inscription>
<tagged>
<value>false</value>
</tagged>
<arcpath id="000" x="419" y="155" curvePoint="false"/>
<arcpath id="001" x="359" y="198" curvePoint="true"/>
<arcpath id="002" x="326" y="222" curvePoint="false"/>
<type value="normal"/>
</arc>
<arc id="putdown(x) to ontable" source="putdown(x)" target="ontable">
<graphics/>
<inscription>
<value>Default,
x</value>
<graphics/>
</inscription>
<tagged>
<value>false</value>
</tagged>
<arcpath id="000" x="96" y="216" curvePoint="false"/>
<arcpath id="001" x="88" y="161" curvePoint="false"/>
<type value="normal"/>
</arc>
<arc id="T0 to P2" source="pickup(x)" target="holding">
<graphics/>
<inscription>
<value>Default,
x</value>
<graphics/>
</inscription>
<tagged>
<value>false</value>
</tagged>
<arcpath id="000" x="106" y="77" curvePoint="false"/>
<arcpath id="001" x="151" y="131" curvePoint="true"/>
<arcpath id="002" x="192" y="142" curvePoint="false"/>
<type value="normal"/>
</arc>
<arc id="T1 to P2" source="unstack(x,y)" target="holding">
<graphics/>
<inscription>
<value>Default,
x</value>
<graphics/>
</inscription>
<tagged>
<value>false</value>
</tagged>
<arcpath id="000" x="305" y="76" curvePoint="false"/>
<arcpath id="001" x="283" y="125" curvePoint="true"/>
<arcpath id="002" x="221" y="142" curvePoint="false"/>
<type value="normal"/>
</arc>
<arc id="T1 to P4" source="unstack(x,y)" target="clear">
<graphics/>
<inscription>
<value>Default,
y</value>
<graphics/>
</inscription>
<tagged>
<value>false</value>
</tagged>
<arcpath id="000" x="319" y="77" curvePoint="false"/>
<arcpath id="001" x="380" y="132" curvePoint="true"/>
<arcpath id="002" x="417" y="142" curvePoint="false"/>
<type value="normal"/>
</arc>
<arc id="T2 to P4" source="putdown(x)" target="clear">
<graphics/>
<inscription>
<value>Default,
x</value>
<graphics/>
</inscription>
<tagged>
<value>false</value>
</tagged>
<arcpath id="000" x="101" y="226" curvePoint="false"/>
<arcpath id="001" x="146" y="290" curvePoint="true"/>
<arcpath id="002" x="249" y="307" curvePoint="true"/>
<arcpath id="003" x="337" y="304" curvePoint="true"/>
<arcpath id="004" x="428" y="271" curvePoint="true"/>
<arcpath id="005" x="434" y="161" curvePoint="true"/>
<type value="normal"/>
</arc>
<arc id="T3 to P3" source="stack(x,y)" target="on">
<graphics/>
<inscription>
<value>Default,
x,y</value>
<graphics/>
</inscription>
<tagged>
<value>false</value>
</tagged>
<arcpath id="000" x="316" y="217" curvePoint="false"/>
<arcpath id="001" x="312" y="161" curvePoint="false"/>
<type value="normal"/>
</arc>
<arc id="T3 to P4" source="stack(x,y)" target="clear">
<graphics/>
<inscription>
<value>Default,
x</value>
<graphics/>
</inscription>
<tagged>
<value>false</value>
</tagged>
<arcpath id="000" x="326" y="222" curvePoint="false"/>
<arcpath id="001" x="397" y="213" curvePoint="true"/>
<arcpath id="002" x="427" y="161" curvePoint="true"/>
<type value="normal"/>
</arc>
</net>
</pnml>
