<?xml version="1.0" encoding="iso-8859-1"?><pnml>
<net id="Net-One" type="PrT net">
<tokenclass id="Default" enabled="true" red="0" green="0" blue="0"/>
<labels x="37" y="46" width="152" height="33" border="true">
<text>INIT color(White)</text>
</labels>
<labels x="38" y="567" width="304" height="22" border="true">
<text>SEQUENCES changeColorsTestLog.txt</text>
</labels>
<place id="P2">
<graphics>
<position x="360.0" y="285.0"/>
</graphics>
<name>
<value>color</value>
<graphics>
<offset x="35.0" y="49.0"/>
</graphics>
</name>
<initialMarking>
<value>Default,</value>
<graphics>
<offset x="0.0" y="0.0"/>
</graphics>
</initialMarking>
<capacity>
<value>0</value>
</capacity>
</place>
<transition id="T1">
<graphics>
<position x="270.0" y="90.0"/>
</graphics>
<name>
<value>changeColor</value>
<graphics>
<offset x="52.0" y="-2.0"/>
</graphics>
</name>
<orientation>
<value>90</value>
</orientation>
<guard>
<value/>
</guard>
<effect>
<value/>
</effect>
<subnet>
<value/>
</subnet>
<rate>
<value>1.0</value>
</rate>
<timed>
<value>true</value>
</timed>
<infiniteServer>
<value>false</value>
</infiniteServer>
<priority>
<value>1</value>
</priority>
</transition>
<transition id="T10">
<graphics>
<position x="600.0" y="225.0"/>
</graphics>
<name>
<value>changeColor</value>
<graphics>
<offset x="39.0" y="-21.0"/>
</graphics>
</name>
<orientation>
<value>0</value>
</orientation>
<guard>
<value/>
</guard>
<effect>
<value/>
</effect>
<subnet>
<value/>
</subnet>
<rate>
<value>1.0</value>
</rate>
<timed>
<value>true</value>
</timed>
<infiniteServer>
<value>false</value>
</infiniteServer>
<priority>
<value>1</value>
</priority>
</transition>
<transition id="T11">
<graphics>
<position x="120.0" y="225.0"/>
</graphics>
<name>
<value>changeColor</value>
<graphics>
<offset x="43.0" y="-11.0"/>
</graphics>
</name>
<orientation>
<value>0</value>
</orientation>
<guard>
<value/>
</guard>
<effect>
<value/>
</effect>
<subnet>
<value/>
</subnet>
<rate>
<value>1.0</value>
</rate>
<timed>
<value>true</value>
</timed>
<infiniteServer>
<value>false</value>
</infiniteServer>
<priority>
<value>1</value>
</priority>
</transition>
<transition id="T12">
<graphics>
<position x="465.0" y="90.0"/>
</graphics>
<name>
<value>changeColor</value>
<graphics>
<offset x="43.0" y="1.0"/>
</graphics>
</name>
<orientation>
<value>90</value>
</orientation>
<guard>
<value/>
</guard>
<effect>
<value/>
</effect>
<subnet>
<value/>
</subnet>
<rate>
<value>1.0</value>
</rate>
<timed>
<value>true</value>
</timed>
<infiniteServer>
<value>false</value>
</infiniteServer>
<priority>
<value>1</value>
</priority>
</transition>
<transition id="T13">
<graphics>
<position x="600.0" y="345.0"/>
</graphics>
<name>
<value>changeColor</value>
<graphics>
<offset x="51.0" y="61.0"/>
</graphics>
</name>
<orientation>
<value>0</value>
</orientation>
<guard>
<value/>
</guard>
<effect>
<value/>
</effect>
<subnet>
<value/>
</subnet>
<rate>
<value>1.0</value>
</rate>
<timed>
<value>true</value>
</timed>
<infiniteServer>
<value>false</value>
</infiniteServer>
<priority>
<value>1</value>
</priority>
</transition>
<transition id="T7">
<graphics>
<position x="120.0" y="345.0"/>
</graphics>
<name>
<value>changeColor</value>
<graphics>
<offset x="46.0" y="-11.0"/>
</graphics>
</name>
<orientation>
<value>0</value>
</orientation>
<guard>
<value/>
</guard>
<effect>
<value/>
</effect>
<subnet>
<value/>
</subnet>
<rate>
<value>1.0</value>
</rate>
<timed>
<value>true</value>
</timed>
<infiniteServer>
<value>false</value>
</infiniteServer>
<priority>
<value>1</value>
</priority>
</transition>
<transition id="T9">
<graphics>
<position x="360.0" y="480.0"/>
</graphics>
<name>
<value>WhiteReset()</value>
<graphics>
<offset x="109.0" y="18.0"/>
</graphics>
</name>
<orientation>
<value>90</value>
</orientation>
<guard>
<value/>
</guard>
<effect>
<value/>
</effect>
<subnet>
<value/>
</subnet>
<rate>
<value>1.0</value>
</rate>
<timed>
<value>true</value>
</timed>
<infiniteServer>
<value>false</value>
</infiniteServer>
<priority>
<value>1</value>
</priority>
</transition>
<arc id="P2 to T1" source="P2" target="T1">
<graphics/>
<inscription>
<value>Default,Green</value>
<graphics/>
</inscription>
<tagged>
<value>false</value>
</tagged>
<arcpath id="000" x="373" y="282" curvePoint="false"/>
<arcpath id="001" x="358" y="193" curvePoint="true"/>
<arcpath id="002" x="286" y="107" curvePoint="false"/>
<type value="normal"/>
</arc>
<arc id="P2 to T10" source="P2" target="T10">
<graphics/>
<inscription>
<value>Default,White</value>
<graphics/>
</inscription>
<tagged>
<value>false</value>
</tagged>
<arcpath id="000" x="386" y="301" curvePoint="false"/>
<arcpath id="001" x="553" y="298" curvePoint="true"/>
<arcpath id="002" x="606" y="242" curvePoint="false"/>
<type value="normal"/>
</arc>
<arc id="P2 to T11" source="P2" target="T11">
<graphics/>
<inscription>
<value>Default,Red</value>
<graphics/>
</inscription>
<tagged>
<value>false</value>
</tagged>
<arcpath id="000" x="357" y="299" curvePoint="false"/>
<arcpath id="001" x="252" y="297" curvePoint="true"/>
<arcpath id="002" x="136" y="242" curvePoint="true"/>
<type value="normal"/>
</arc>
<arc id="P2 to T12" source="P2" target="T12">
<graphics/>
<inscription>
<value>Default,Green</value>
<graphics/>
</inscription>
<tagged>
<value>false</value>
</tagged>
<arcpath id="000" x="386" y="291" curvePoint="false"/>
<arcpath id="001" x="492" y="222" curvePoint="true"/>
<arcpath id="002" x="481" y="107" curvePoint="true"/>
<type value="normal"/>
</arc>
<arc id="P2 to T13" source="P2" target="T13">
<graphics/>
<inscription>
<value>Default,White</value>
<graphics/>
</inscription>
<tagged>
<value>false</value>
</tagged>
<arcpath id="000" x="383" y="306" curvePoint="false"/>
<arcpath id="001" x="492" y="372" curvePoint="true"/>
<arcpath id="002" x="606" y="362" curvePoint="true"/>
<type value="normal"/>
</arc>
<arc id="P2 to T7" source="P2" target="T7">
<graphics/>
<inscription>
<value>Default,Red</value>
<graphics/>
</inscription>
<tagged>
<value>false</value>
</tagged>
<arcpath id="000" x="362" y="308" curvePoint="false"/>
<arcpath id="001" x="268" y="373" curvePoint="true"/>
<arcpath id="002" x="136" y="362" curvePoint="false"/>
<type value="normal"/>
</arc>
<arc id="P2 to T9" source="P2" target="T9">
<graphics/>
<inscription>
<value>Default,x</value>
<graphics/>
</inscription>
<tagged>
<value>false</value>
</tagged>
<arcpath id="000" x="382" y="308" curvePoint="false"/>
<arcpath id="001" x="419" y="404" curvePoint="true"/>
<arcpath id="002" x="376" y="487" curvePoint="false"/>
<type value="normal"/>
</arc>
<arc id="T10 to P2" source="T10" target="P2">
<graphics/>
<inscription>
<value>Default,Green</value>
<graphics/>
</inscription>
<tagged>
<value>false</value>
</tagged>
<arcpath id="000" x="607" y="232" curvePoint="false"/>
<arcpath id="001" x="497" y="276" curvePoint="true"/>
<arcpath id="002" x="386" y="294" curvePoint="false"/>
<type value="normal"/>
</arc>
<arc id="T11 to P2" source="T11" target="P2">
<graphics/>
<inscription>
<value>Default,White</value>
<graphics/>
</inscription>
<tagged>
<value>false</value>
</tagged>
<arcpath id="000" x="137" y="232" curvePoint="false"/>
<arcpath id="001" x="237" y="252" curvePoint="true"/>
<arcpath id="002" x="357" y="291" curvePoint="true"/>
<type value="normal"/>
</arc>
<arc id="T12 to P2" source="T12" target="P2">
<graphics/>
<inscription>
<value>Default,Red</value>
<graphics/>
</inscription>
<tagged>
<value>false</value>
</tagged>
<arcpath id="000" x="471" y="106" curvePoint="false"/>
<arcpath id="001" x="432" y="222" curvePoint="true"/>
<arcpath id="002" x="382" y="286" curvePoint="true"/>
<type value="normal"/>
</arc>
<arc id="T13 to P2" source="T13" target="P2">
<graphics/>
<inscription>
<value>Default,Red</value>
<graphics/>
</inscription>
<tagged>
<value>false</value>
</tagged>
<arcpath id="000" x="607" y="352" curvePoint="false"/>
<arcpath id="001" x="537" y="342" curvePoint="true"/>
<arcpath id="002" x="386" y="301" curvePoint="true"/>
<type value="normal"/>
</arc>
<arc id="T1 to P2" source="T1" target="P2">
<graphics/>
<inscription>
<value>Default,White</value>
<graphics/>
</inscription>
<tagged>
<value>false</value>
</tagged>
<arcpath id="000" x="276" y="106" curvePoint="false"/>
<arcpath id="001" x="327" y="234" curvePoint="true"/>
<arcpath id="002" x="363" y="284" curvePoint="false"/>
<type value="normal"/>
</arc>
<arc id="T7 to P2" source="T7" target="P2">
<graphics/>
<inscription>
<value>Default,Green</value>
<graphics/>
</inscription>
<tagged>
<value>false</value>
</tagged>
<arcpath id="000" x="137" y="352" curvePoint="false"/>
<arcpath id="001" x="234" y="327" curvePoint="true"/>
<arcpath id="002" x="357" y="300" curvePoint="false"/>
<type value="normal"/>
</arc>
<arc id="T9 to P2" source="T9" target="P2">
<graphics/>
<inscription>
<value>Default,White</value>
<graphics/>
</inscription>
<tagged>
<value>false</value>
</tagged>
<arcpath id="000" x="366" y="486" curvePoint="false"/>
<arcpath id="001" x="359" y="389" curvePoint="true"/>
<arcpath id="002" x="369" y="311" curvePoint="false"/>
<type value="normal"/>
</arc>
</net>
</pnml>
