[{"category": [{"category": [], "alias": "servicestations", "title": "Bensin - og servicestasjoner"}, {"category": [], "alias": "autopartssupplies", "title": "Bildeler"}, {"category": [], "alias": "car_dealers", "title": "Bilforhandlere"}, {"category": [], "alias": "autoglass", "title": "Bilglasstjenester"}, {"category": [], "alias": "auto_detailing", "title": "Bilrekvisita"}, {"category": [], "alias": "windshieldinstallrepair", "title": "Bilruteinstallasjon og reparasjon"}, {"category": [], "alias": "stereo_installation", "title": "Bilstereoinstallasjon"}, {"category": [], "alias": "carwash", "title": "Bilvask"}, {"category": [], "alias": "autorepair", "title": "Bilverksted"}, {"category": [], "alias": "tires", "title": "Dekk"}, {"category": [], "alias": "bodyshops", "title": "Karosseri"}, {"category": [], "alias": "motorcycledealers", "title": "Motorsykkelforhandlere"}, {"category": [], "alias": "motorcyclerepair", "title": "Motorsykkelreparasjoner"}, {"category": [], "alias": "parking", "title": "Parkering"}, {"category": [], "alias": "towing", "title": "Tauing"}], "alias": "auto", "title": "Bilindustri"}, {"category": [{"category": [], "alias": "homestaging", "title": "Boligstyling"}, {"category": [], "alias": "propertymgmt", "title": "Eiendomsforvaltning"}, {"category": [], "alias": "realestateagents", "title": "Eiendomsmeglere"}, {"category": [], "alias": "realestatesvcs", "title": "Eiendomstjenester"}, {"category": [], "alias": "apartments", "title": "Leiligheter"}, {"category": [], "alias": "mortgagebrokers", "title": "L\u00e5nemeglere"}, {"category": [], "alias": "university_housing", "title": "Studentboliger"}], "alias": "realestate", "title": "Eiendom"}, {"category": [{"category": [], "alias": "wedding_planning", "title": "Bryllupsplanlegging"}, {"category": [], "alias": "boatcharters", "title": "B\u00e5tleie"}, {"category": [], "alias": "catering", "title": "Catering"}, {"category": [], "alias": "djs", "title": "DJ-er"}, {"category": [], "alias": "photographers", "title": "Fotografer"}, {"category": [], "alias": "hotels", "title": "Hoteller"}, {"category": [], "alias": "stationery", "title": "Kort og skrivemateriell"}, {"category": [], "alias": "eventplanning", "title": "Party & eventplanlegging"}, {"category": [], "alias": "partysupplies", "title": "Partyutstyr"}, {"category": [], "alias": "personalchefs", "title": "Personlige kokker"}, {"category": [], "alias": "venues", "title": "Selskaps- & konferanselokaler"}, {"category": [], "alias": "videographers", "title": "Videografer"}], "alias": "eventservices", "title": "Eventbyr\u00e5"}, {"category": [{"category": [], "alias": "banks", "title": "Banker"}, {"category": [], "alias": "financialadvising", "title": "Finansr\u00e5dgivning"}, {"category": [], "alias": "insurance", "title": "Forsikring"}, {"category": [], "alias": "paydayloans", "title": "Hurtigl\u00e5n"}, {"category": [], "alias": "investing", "title": "Investering"}, {"category": [], "alias": "taxservices", "title": "Skattehjelp"}], "alias": "financialservices", "title": "Finanstjenester"}, {"category": [{"category": [], "alias": "acupuncture", "title": "Akupunktur"}, {"category": [], "alias": "urgent_care", "title": "Akuttavdeling"}, {"category": [], "alias": "saunas", "title": "Badstuer"}, {"category": [], "alias": "retirement_homes", "title": "Eldreboliger"}, {"category": [], "alias": "nutritionists", "title": "Ern\u00e6ringsfysiologer"}, {"category": [], "alias": "physicaltherapy", "title": "Fysioterapi"}, {"category": [], "alias": "medcenters", "title": "Helsesenter"}, {"category": [], "alias": "homehealthcare", "title": "Hjemmesykepleie"}, {"category": [], "alias": "hospice", "title": "Hospits"}, {"category": [], "alias": "midwives", "title": "Jordm\u00f8dre"}, {"category": [], "alias": "chiropractors", "title": "Kiropraktorer"}, {"category": [], "alias": "laserlasikeyes", "title": "Laser \u00f8yeoperasjoner/lasik"}, {"category": [{"category": [], "alias": "allergist", "title": "Allergologer"}, {"category": [], "alias": "familydr", "title": "Allmennmedisin"}, {"category": [], "alias": "audiologist", "title": "Audiolog"}, {"category": [], "alias": "pediatricians", "title": "Barneleger"}, {"category": [], "alias": "fertility", "title": "Fertilitet"}, {"category": [], "alias": "tattooremoval", "title": "Fjerning av tatoveringer"}, {"category": [], "alias": "podiatrists", "title": "Fotspesialister"}, {"category": [], "alias": "obgyn", "title": "F\u00f8dselsleger og gynekologer"}, {"category": [], "alias": "gastroenterologist", "title": "Gastroenterolog"}, {"category": [], "alias": "gerontologist", "title": "Gerontologer"}, {"category": [], "alias": "dermatology", "title": "Hudleger"}, {"category": [], "alias": "sportsmed", "title": "Idrettsmedisin"}, {"category": [], "alias": "internalmed", "title": "Indremedisin"}, {"category": [], "alias": "cardiology", "title": "Kardiologer"}, {"category": [], "alias": "cosmeticsurgeons", "title": "Kosmetisk kirurgi"}, {"category": [], "alias": "naturopathic", "title": "Naturopati/holistisk"}, {"category": [], "alias": "neurologist", "title": "Nevrologer"}, {"category": [], "alias": "oncologist", "title": "Onkologer"}, {"category": [], "alias": "orthopedists", "title": "Ortopeder"}, {"category": [], "alias": "osteopathicphysicians", "title": "Osteopater"}, {"category": [], "alias": "proctologist", "title": "Proktologer"}, {"category": [], "alias": "psychiatrists", "title": "Psykiatere"}, {"category": [], "alias": "pulmonologist", "title": "Pulmonolog"}, {"category": [], "alias": "earnosethroat", "title": "\u00d8re, nese, hals"}, {"category": [], "alias": "opthamalogists", "title": "\u00d8yespesialister"}], "alias": "physicians", "title": "Leger"}, {"category": [], "alias": "speech_therapists", "title": "Logopeder"}, {"category": [], "alias": "medicalspa", "title": "Medi-spa"}, {"category": [], "alias": "optometrists", "title": "Optikere"}, {"category": [], "alias": "weightlosscenters", "title": "Slanke- og diettsenter"}, {"category": [], "alias": "hospitals", "title": "Sykehus"}, {"category": [{"category": [], "alias": "generaldentistry", "title": "Allmenntannlege"}, {"category": [], "alias": "pediatric_dentists", "title": "Barnetannleger"}, {"category": [], "alias": "cosmeticdentists", "title": "Kosmetisk tannpleie"}, {"category": [], "alias": "orthodontists", "title": "Ortodontister"}, {"category": [], "alias": "periodontists", "title": "Periodontologer"}, {"category": [], "alias": "endodontists", "title": "Spesialister innen endodonti"}, {"category": [], "alias": "oralsurgeons", "title": "Tannkirurger"}], "alias": "dentists", "title": "Tannleger"}, {"category": [], "alias": "c_and_mh", "title": "Terapi og mental helse"}, {"category": [], "alias": "tcm", "title": "Tradisjonell kinesisk medisin"}], "alias": "health", "title": "Helse og medisin"}, {"category": [{"category": [], "alias": "bedbreakfast", "title": "Bed & Breakfast"}, {"category": [], "alias": "carrental", "title": "Bilutleie"}, {"category": [], "alias": "rvrental", "title": "Bobilutleie"}, {"category": [], "alias": "campgrounds", "title": "Campingplasser"}, {"category": [], "alias": "vacationrentalagents", "title": "Ferieutleie"}, {"category": [], "alias": "airports", "title": "Flyplasser"}, {"category": [], "alias": "hotels", "title": "Hoteller"}, {"category": [], "alias": "guesthouses", "title": "Pensjonater"}, {"category": [], "alias": "travelservices", "title": "Reisebyr\u00e5er"}, {"category": [], "alias": "skiresorts", "title": "Skisentre"}, {"category": [], "alias": "trainstations", "title": "Togstasjoner"}, {"category": [{"category": [], "alias": "taxis", "title": "Drosjer"}, {"category": [], "alias": "ferries", "title": "Ferger"}, {"category": [], "alias": "airport_shuttles", "title": "Flyplasstransport"}, {"category": [], "alias": "airlines", "title": "Flyselskaper"}, {"category": [], "alias": "publictransport", "title": "Kollektivtransport"}, {"category": [], "alias": "limos", "title": "Limousiner"}], "alias": "transport", "title": "Transport"}, {"category": [], "alias": "tours", "title": "Turer"}, {"category": [], "alias": "hostels", "title": "Vandrerhjem"}], "alias": "hotelstravel", "title": "Hotell og reiser"}, {"category": [{"category": [], "alias": "poolcleaners", "title": "Bassengrengj\u00f8ring"}, {"category": [], "alias": "contractors", "title": "Byggefirmaer"}, {"category": [], "alias": "buildingsupplies", "title": "Bygningsmaterialer"}, {"category": [{"category": [], "alias": "homestaging", "title": "Boligstyling"}, {"category": [], "alias": "propertymgmt", "title": "Eiendomsforvaltning"}, {"category": [], "alias": "realestateagents", "title": "Eiendomsmeglere"}, {"category": [], "alias": "realestatesvcs", "title": "Eiendomstjenester"}, {"category": [], "alias": "apartments", "title": "Leiligheter"}, {"category": [], "alias": "mortgagebrokers", "title": "L\u00e5nemeglere"}, {"category": [], "alias": "university_housing", "title": "Studentboliger"}], "alias": "realestate", "title": "Eiendom"}, {"category": [], "alias": "electricians", "title": "Elektrikere"}, {"category": [], "alias": "movers", "title": "Flyttebyr\u00e5er"}, {"category": [], "alias": "gardeners", "title": "Gartnere"}, {"category": [], "alias": "flooring", "title": "Gulv"}, {"category": [], "alias": "carpeting", "title": "Gulvtepper"}, {"category": [], "alias": "landscaping", "title": "Hageplanlegging"}, {"category": [], "alias": "hometheatreinstallation", "title": "Hjemmekinoinstallasjon"}, {"category": [], "alias": "homecleaning", "title": "Husrengj\u00f8ring"}, {"category": [], "alias": "handyman", "title": "H\u00e5ndverkere"}, {"category": [], "alias": "interiordesign", "title": "Interi\u00f8rdesign"}, {"category": [], "alias": "isps", "title": "Internettleverand\u00f8rer"}, {"category": [], "alias": "televisionserviceproviders", "title": "Kabel-TV-selskaper"}, {"category": [], "alias": "lighting", "title": "Lamper og belysning"}, {"category": [], "alias": "landscapearchitects", "title": "Landskapsarkitekter"}, {"category": [], "alias": "painters", "title": "Malere"}, {"category": [], "alias": "blinds", "title": "Markiser og persienner"}, {"category": [], "alias": "locksmiths", "title": "N\u00f8kler og l\u00e5sesmeder"}, {"category": [], "alias": "plumbing", "title": "R\u00f8rlegging"}, {"category": [], "alias": "securitysystems", "title": "Sikkerhetssystemer"}, {"category": [], "alias": "solarinstallation", "title": "Solcelleinstallasjon"}, {"category": [], "alias": "roofing", "title": "Taklegging"}, {"category": [], "alias": "home_inspectors", "title": "Takstpersoner"}, {"category": [], "alias": "carpetinstallation", "title": "Teppelegging"}, {"category": [], "alias": "treeservices", "title": "Trestell og -tjenester"}, {"category": [], "alias": "hvac", "title": "Varme og klimaanlegg"}, {"category": [], "alias": "windowsinstallation", "title": "Vindusinstallasjon"}, {"category": [], "alias": "windowwashing", "title": "Vindusvask"}], "alias": "homeservices", "title": "Hus og hjem"}, {"category": [{"category": [], "alias": "petstore", "title": "Dyrebutikker"}, {"category": [], "alias": "animalshelters", "title": "Dyrehjem"}, {"category": [{"category": [], "alias": "pet_training", "title": "Dressur av kj\u00e6ledyr"}, {"category": [], "alias": "groomer", "title": "Dyrefris\u00f8rer"}, {"category": [], "alias": "pet_sitting", "title": "Dyrepensjonat/dyrepassing"}, {"category": [], "alias": "dogwalkers", "title": "Hundeluftere"}], "alias": "petservices", "title": "Dyretjenester"}, {"category": [], "alias": "vet", "title": "Veterin\u00e6rer"}], "alias": "pets", "title": "Kj\u00e6ledyr"}, {"category": [{"category": [], "alias": "gardens", "title": "Botaniske hager"}, {"category": [], "alias": "festivals", "title": "Festivaler"}, {"category": [], "alias": "stadiumsarenas", "title": "Idrettsstadioner og arenaer"}, {"category": [], "alias": "jazzandblues", "title": "Jazz & Blues"}, {"category": [], "alias": "casinos", "title": "Kasinoer"}, {"category": [], "alias": "movietheaters", "title": "Kino"}, {"category": [], "alias": "musicvenues", "title": "Konsertlokaler"}, {"category": [], "alias": "galleries", "title": "Kunstgallerier"}, {"category": [], "alias": "museums", "title": "Museer"}, {"category": [], "alias": "opera", "title": "Opera & ballett"}, {"category": [], "alias": "sportsteams", "title": "Profesjonelle idrettslag"}, {"category": [], "alias": "social_clubs", "title": "Selskapsklubber"}, {"category": [], "alias": "castles", "title": "Slott"}, {"category": [], "alias": "arcades", "title": "Spillearkader"}, {"category": [], "alias": "psychic_astrology", "title": "Synske og astrologer"}, {"category": [], "alias": "theater", "title": "Teater"}, {"category": [], "alias": "wineries", "title": "Ving\u00e5rder"}], "alias": "arts", "title": "Kultur og underholdning"}, {"category": [], "alias": "localflavor", "title": "Lokale perler"}, {"category": [{"category": [], "alias": "childcare", "title": "Barnepass og barnehager"}, {"category": [], "alias": "funeralservices", "title": "Begravelsesbyr\u00e5er og -tjenester"}, {"category": [], "alias": "couriers", "title": "Bud- og leveransetjenester"}, {"category": [], "alias": "nonprofit", "title": "Frivillig arbeid"}, {"category": [], "alias": "recyclingcenter", "title": "Gjenvinningsstasjon"}, {"category": [], "alias": "homeappliancerepair", "title": "Husholdningselektronikk og reparasjoner"}, {"category": [], "alias": "itservices", "title": "IT-tjenester og datamaskinreparasjon"}, {"category": [], "alias": "recording_studios", "title": "Innspillings- og \u00f8vingslokaler"}, {"category": [], "alias": "reupholstery", "title": "M\u00f8beltapetsering"}, {"category": [], "alias": "electronicsrepair", "title": "Reparasjoner av elektronikk"}, {"category": [], "alias": "screenprinting", "title": "Silketrykk"}, {"category": [], "alias": "pest_control", "title": "Skadedyrkontroll"}, {"category": [], "alias": "shoerepair", "title": "Skomakere"}, {"category": [], "alias": "snowremoval", "title": "Sn\u00f8rydding"}, {"category": [], "alias": "sewingalterations", "title": "S\u00f8m og skreddere"}, {"category": [], "alias": "junkremovalandhauling", "title": "S\u00f8ppelt\u00f8mming og avhenting"}, {"category": [], "alias": "carpet_cleaning", "title": "Tepperens"}, {"category": [], "alias": "copyshops", "title": "Trykkerier"}, {"category": [], "alias": "youth_club", "title": "Ungdomsklubb"}, {"category": [], "alias": "watch_repair", "title": "Urmakere"}, {"category": [], "alias": "selfstorage", "title": "Utleielager"}, {"category": [], "alias": "drycleaninglaundry", "title": "Vaskeri/renseri"}], "alias": "localservices", "title": "Lokale tjenester"}, {"category": [{"category": [], "alias": "radiostations", "title": "Radiostasjoner"}, {"category": [], "alias": "televisionstations", "title": "TV-stasjoner"}, {"category": [], "alias": "printmedia", "title": "Trykte medier"}], "alias": "massmedia", "title": "Massemedia"}, {"category": [{"category": [], "alias": "beer_and_wine", "title": "Alkoholutsalg"}, {"category": [], "alias": "bagels", "title": "Bagels"}, {"category": [], "alias": "bakeries", "title": "Bakerier"}, {"category": [], "alias": "farmersmarket", "title": "Bondemarked"}, {"category": [], "alias": "breweries", "title": "Bryggerier"}, {"category": [], "alias": "grocery", "title": "Dagligvarer"}, {"category": [], "alias": "delicatessen", "title": "Delikatesser"}, {"category": [], "alias": "desserts", "title": "Desserter"}, {"category": [], "alias": "streetvendors", "title": "Gatekj\u00f8kken"}, {"category": [{"category": [], "alias": "ethnicmarkets", "title": "Etnisk mat"}, {"category": [], "alias": "seafoodmarkets", "title": "Fiskemarkeder"}, {"category": [], "alias": "markets", "title": "Frukt og gr\u00f8nnsaker"}, {"category": [], "alias": "candy", "title": "Godteributikker"}, {"category": [], "alias": "healthmarkets", "title": "Helsekostbutikker"}, {"category": [], "alias": "cheese", "title": "Ostebutikker"}, {"category": [], "alias": "chocolate", "title": "Sjokoladeprodusenter og butikker"}, {"category": [], "alias": "meats", "title": "Slakteributikker"}, {"category": [], "alias": "herbsandspices", "title": "Urter og krydder"}], "alias": "gourmet", "title": "Gourmetmat og delikatesser"}, {"category": [], "alias": "internetcafe", "title": "Internettkafeer"}, {"category": [], "alias": "icecream", "title": "Iskrem og frossen yoghurt"}, {"category": [], "alias": "juicebars", "title": "Juicebarer og smoothier"}, {"category": [], "alias": "coffee", "title": "Kaffe og te"}, {"category": [], "alias": "kiosk", "title": "Kiosk"}, {"category": [], "alias": "fooddeliveryservices", "title": "Matlevering"}, {"category": [], "alias": "convenience", "title": "N\u00e6rbutikker"}, {"category": [], "alias": "butcher", "title": "Slakter"}, {"category": [], "alias": "tea", "title": "Terom"}, {"category": [], "alias": "wineries", "title": "Ving\u00e5rder"}, {"category": [], "alias": "organic_stores", "title": "\u00d8kologiske butikker"}], "alias": "food", "title": "Mat"}, {"category": [{"category": [{"category": [], "alias": "champagne_bars", "title": "Champagnebarer"}, {"category": [], "alias": "cocktailbars", "title": "Cocktail-barer"}, {"category": [], "alias": "gaybars", "title": "Gay-barer"}, {"category": [], "alias": "hookah_bars", "title": "Hookah-barer"}, {"category": [], "alias": "hotel_bar", "title": "Hotellbar"}, {"category": [], "alias": "irish_pubs", "title": "Irsk pub"}, {"category": [], "alias": "divebars", "title": "Kneiper"}, {"category": [], "alias": "lounges", "title": "Lounge"}, {"category": [], "alias": "pubs", "title": "Puber"}, {"category": [], "alias": "sportsbars", "title": "Sportsbarer"}, {"category": [], "alias": "beachbars", "title": "Strandbarer"}, {"category": [], "alias": "wine_bars", "title": "Vinbarer"}], "alias": "bars", "title": "Barer"}, {"category": [], "alias": "poolhalls", "title": "Biljardhaller"}, {"category": [], "alias": "jazzandblues", "title": "Jazz & Blues"}, {"category": [], "alias": "karaoke", "title": "Karaoke"}, {"category": [], "alias": "musicvenues", "title": "Konsertlokaler"}, {"category": [], "alias": "danceclubs", "title": "Nattklubber"}, {"category": [], "alias": "comedyclubs", "title": "Standup-klubber"}, {"category": [], "alias": "adultentertainment", "title": "Underholdning for voksne"}], "alias": "nightlife", "title": "Natteliv"}, {"category": [{"category": [], "alias": "embassy", "title": "Ambassade"}, {"category": [], "alias": "libraries", "title": "Bibliotek"}, {"category": [], "alias": "policedepartments", "title": "Politikammer"}, {"category": [], "alias": "authorized_postal_representative", "title": "Postbetjent"}, {"category": [], "alias": "postoffices", "title": "Postkontorer"}, {"category": [], "alias": "landmarks", "title": "Severdigheter og historiske bygninger"}, {"category": [], "alias": "taxoffice", "title": "Skattekontor"}, {"category": [], "alias": "departmentsofmotorvehicles", "title": "Statens veivesen"}], "alias": "publicservicesgovt", "title": "Offentlige tjenester og forvaltning"}, {"category": [{"category": [], "alias": "buddhist_temples", "title": "Buddhisttempel"}, {"category": [], "alias": "hindu_temples", "title": "Hindutempler"}, {"category": [], "alias": "churches", "title": "Kirker"}, {"category": [], "alias": "mosques", "title": "Moskeer"}, {"category": [], "alias": "synagogues", "title": "Synagoger"}], "alias": "religiousorgs", "title": "Religi\u00f8se organisasjoner"}, {"category": [{"category": [], "alias": "afghani", "title": "Afghansk"}, {"category": [], "alias": "african", "title": "Afrikansk"}, {"category": [], "alias": "tradamerican", "title": "Amerikansk (tradisjonell)"}, {"category": [], "alias": "argentine", "title": "Argentinsk"}, {"category": [], "alias": "asianfusion", "title": "Asiatisk fusion"}, {"category": [], "alias": "basque", "title": "Baskisk"}, {"category": [], "alias": "belgian", "title": "Belgisk"}, {"category": [], "alias": "steak", "title": "Biffrestauranter"}, {"category": [], "alias": "bistros", "title": "Bistroer"}, {"category": [], "alias": "brazilian", "title": "Brasiliansk"}, {"category": [], "alias": "brasseries", "title": "Brasserier"}, {"category": [], "alias": "british", "title": "Britisk"}, {"category": [], "alias": "buffets", "title": "Buffeer"}, {"category": [], "alias": "burmese", "title": "Burmesisk"}, {"category": [], "alias": "creperies", "title": "Cr\u00eaperier"}, {"category": [], "alias": "ethiopian", "title": "Etiopisk"}, {"category": [], "alias": "filipino", "title": "Filippinsk"}, {"category": [], "alias": "fishnchips", "title": "Fish & Chips"}, {"category": [], "alias": "seafood", "title": "Fisk og skalldyr"}, {"category": [], "alias": "fondue", "title": "Fondue"}, {"category": [], "alias": "food_court", "title": "Food court"}, {"category": [], "alias": "french", "title": "Fransk"}, {"category": [], "alias": "breakfast_brunch", "title": "Frokost og brunsj"}, {"category": [], "alias": "gastropubs", "title": "Gastropuber"}, {"category": [], "alias": "gluten_free", "title": "Glutenfri"}, {"category": [], "alias": "greek", "title": "Gresk"}, {"category": [], "alias": "bbq", "title": "Grilling"}, {"category": [], "alias": "halal", "title": "Halal"}, {"category": [], "alias": "burgers", "title": "Hamburgere"}, {"category": [], "alias": "hawaiian", "title": "Hawaiansk"}, {"category": [], "alias": "hotdogs", "title": "Hurtigmat"}, {"category": [], "alias": "norwegian", "title": "Husmannskost"}, {"category": [], "alias": "indpak", "title": "Indisk"}, {"category": [], "alias": "indonesian", "title": "Indonesisk"}, {"category": [], "alias": "irish", "title": "Irsk"}, {"category": [], "alias": "italian", "title": "Italiensk"}, {"category": [], "alias": "japanese", "title": "Japansk"}, {"category": [], "alias": "cafes", "title": "Kafeer"}, {"category": [], "alias": "cafeteria", "title": "Kafeteria"}, {"category": [], "alias": "cajun", "title": "Kajun/kreol"}, {"category": [], "alias": "cambodian", "title": "Kambodsjansk"}, {"category": [], "alias": "canteen", "title": "Kantine"}, {"category": [], "alias": "caribbean", "title": "Karibisk"}, {"category": [], "alias": "kebab", "title": "Kebab"}, {"category": [{"category": [], "alias": "dimsum", "title": "Dim Sum"}], "alias": "chinese", "title": "Kinesisk"}, {"category": [], "alias": "korean", "title": "Koreansk"}, {"category": [], "alias": "kosher", "title": "Kosher"}, {"category": [], "alias": "cuban", "title": "Kubansk"}, {"category": [], "alias": "kurdish", "title": "Kurdisk"}, {"category": [], "alias": "latin", "title": "Latinamerikansk"}, {"category": [], "alias": "lebanese", "title": "Libanesisk"}, {"category": [], "alias": "malaysian", "title": "Malaysisk"}, {"category": [], "alias": "moroccan", "title": "Marokkansk"}, {"category": [], "alias": "mexican", "title": "Meksikansk"}, {"category": [], "alias": "mediterranean", "title": "Middelhavsstil"}, {"category": [], "alias": "mideastern", "title": "Midt\u00f8stlig"}, {"category": [], "alias": "modern_european", "title": "Moderne europeisk"}, {"category": [], "alias": "mongolian", "title": "Mongolsk"}, {"category": [], "alias": "nightfood", "title": "Nattmat"}, {"category": [], "alias": "himalayan", "title": "Nepalsk"}, {"category": [], "alias": "pakistani", "title": "Pakistansk"}, {"category": [], "alias": "persian", "title": "Persisk/iransk"}, {"category": [], "alias": "peruvian", "title": "Peruansk"}, {"category": [], "alias": "pizza", "title": "Pizza"}, {"category": [], "alias": "polish", "title": "Polsk"}, {"category": [], "alias": "portuguese", "title": "Portugisisk"}, {"category": [], "alias": "russian", "title": "Russisk"}, {"category": [], "alias": "raw_food", "title": "R\u00e5kost"}, {"category": [], "alias": "salad", "title": "Salat"}, {"category": [], "alias": "foodstands", "title": "Salgsboder for mat"}, {"category": [], "alias": "singaporean", "title": "Singaporsk"}, {"category": [], "alias": "scandinavian", "title": "Skandinavisk"}, {"category": [], "alias": "sandwiches", "title": "Sm\u00f8rbr\u00f8d"}, {"category": [], "alias": "soulfood", "title": "Soul Food"}, {"category": [], "alias": "spanish", "title": "Spansk"}, {"category": [], "alias": "soup", "title": "Suppe"}, {"category": [], "alias": "sushi", "title": "Sushibarer"}, {"category": [], "alias": "taiwanese", "title": "Taiwanesisk"}, {"category": [], "alias": "tapasmallplates", "title": "Tapas/sm\u00e5retter"}, {"category": [], "alias": "tapas", "title": "Tapasbarer"}, {"category": [], "alias": "tex-mex", "title": "Tex-mex"}, {"category": [], "alias": "thai", "title": "Thai"}, {"category": [], "alias": "chech", "title": "Tsjekkisk"}, {"category": [], "alias": "turkish", "title": "Tyrkisk"}, {"category": [], "alias": "german", "title": "Tysk"}, {"category": [], "alias": "ukrainian", "title": "Ukrainsk"}, {"category": [], "alias": "hungarian", "title": "Ungarsk"}, {"category": [], "alias": "hotdog", "title": "Varme p\u00f8lser"}, {"category": [], "alias": "vegan", "title": "Vegansk"}, {"category": [], "alias": "vegetarian", "title": "Vegetarisk"}, {"category": [], "alias": "vietnamese", "title": "Vietnamesisk"}, {"category": [], "alias": "wok", "title": "Wok"}, {"category": [], "alias": "wraps", "title": "Wraps"}], "alias": "restaurants", "title": "Restauranter"}, {"category": [{"category": [], "alias": "antiques", "title": "Antikviteter"}, {"category": [], "alias": "drugstores", "title": "Apotek"}, {"category": [], "alias": "baby_gear", "title": "Babyutstyr og m\u00f8bler"}, {"category": [], "alias": "luggage", "title": "Bagasje"}, {"category": [], "alias": "tickets", "title": "Billetter"}, {"category": [{"category": [], "alias": "florists", "title": "Blomsterbutikker"}, {"category": [], "alias": "stationery", "title": "Kort og skrivemateriell"}], "alias": "flowers", "title": "Blomster og gaver"}, {"category": [], "alias": "usedbooks", "title": "Bokantikvariat"}, {"category": [], "alias": "opticians", "title": "Briller og optikk"}, {"category": [], "alias": "thrift_stores", "title": "Bruktbutikker"}, {"category": [], "alias": "bridal", "title": "Bryllup"}, {"category": [{"category": [], "alias": "mags", "title": "Aviser, ukeblader og tidsskrifter"}, {"category": [], "alias": "bookstores", "title": "Bokhandlere"}, {"category": [], "alias": "musicvideo", "title": "Musikk og DVD"}, {"category": [], "alias": "comicbooks", "title": "Tegneserier"}, {"category": [], "alias": "videoandgames", "title": "Video- og dataspillutleie"}, {"category": [], "alias": "vinyl_records", "title": "Vinylplater"}], "alias": "media", "title": "B\u00f8ker, magasiner, musikk og video"}, {"category": [], "alias": "computers", "title": "Datamaskiner"}, {"category": [], "alias": "electronics", "title": "Elektronikk"}, {"category": [], "alias": "photographystores", "title": "Fotobutikker og tjenester"}, {"category": [], "alias": "wholesale_stores", "title": "Grossister"}, {"category": [{"category": [], "alias": "hottubandpool", "title": "Bassenger og badestamper"}, {"category": [], "alias": "appliances", "title": "Elektronikk, redskap & verkt\u00f8y"}, {"category": [], "alias": "gardening", "title": "Hagesentre"}, {"category": [], "alias": "homedecor", "title": "Hjemmeinnredning"}, {"category": [], "alias": "hardware", "title": "Jernvarehandel"}, {"category": [], "alias": "kitchenandbath", "title": "Kj\u00f8kken og bad"}, {"category": [], "alias": "mattresses", "title": "Madrasser"}, {"category": [], "alias": "furniture", "title": "M\u00f8belbutikker"}], "alias": "homeandgarden", "title": "Hjem og hage"}, {"category": [], "alias": "hobbyshops", "title": "Hobbybutikker"}, {"category": [{"category": [], "alias": "outdoorgear", "title": "Friluftsutstyr"}, {"category": [], "alias": "sportswear", "title": "Sportskl\u00e6r"}, {"category": [], "alias": "bikes", "title": "Sykler"}], "alias": "sportgoods", "title": "Idrettsutstyr"}, {"category": [], "alias": "kiosk", "title": "Kiosk"}, {"category": [], "alias": "shoppingcenters", "title": "Kj\u00f8pesenter"}, {"category": [], "alias": "watches", "title": "Klokker"}, {"category": [], "alias": "officeequipment", "title": "Kontorutstyr"}, {"category": [], "alias": "cosmetics", "title": "Kosmetikk og skj\u00f8nnhetspleie"}, {"category": [], "alias": "adult", "title": "Kun voksne"}, {"category": [{"category": [], "alias": "embroideryandcrochet", "title": "Broderi & hekling"}, {"category": [], "alias": "framing", "title": "Innramming"}, {"category": [], "alias": "stationery", "title": "Kort og skrivemateriell"}, {"category": [], "alias": "costumes", "title": "Kostymer"}, {"category": [], "alias": "artsupplies", "title": "Kunstmateriell"}, {"category": [], "alias": "fabricstores", "title": "Stoffbutikker"}], "alias": "artsandcrafts", "title": "Kunst og h\u00e5ndverk"}, {"category": [], "alias": "galleries", "title": "Kunstgallerier"}, {"category": [], "alias": "discountstore", "title": "Lavprisbutikk"}, {"category": [], "alias": "toys", "title": "Lekebutikker"}, {"category": [], "alias": "fleamarkets", "title": "Loppemarkeder"}, {"category": [], "alias": "mobilephones", "title": "Mobiltelefoner"}, {"category": [{"category": [], "alias": "swimwear", "title": "Badet\u00f8y"}, {"category": [], "alias": "childcloth", "title": "Barnekl\u00e6r"}, {"category": [], "alias": "vintage", "title": "Brukt og vintage"}, {"category": [], "alias": "womenscloth", "title": "Damekl\u00e6r"}, {"category": [], "alias": "menscloth", "title": "Herrekl\u00e6r"}, {"category": [], "alias": "leather", "title": "L\u00e6r - og skinnvarer"}, {"category": [], "alias": "maternity", "title": "Mammakl\u00e6r"}, {"category": [], "alias": "shoes", "title": "Skobutikker"}, {"category": [], "alias": "sportswear", "title": "Sportskl\u00e6r"}, {"category": [], "alias": "accessories", "title": "Tilbeh\u00f8r"}, {"category": [], "alias": "lingerie", "title": "Undert\u00f8y"}, {"category": [], "alias": "deptstores", "title": "Varehus"}], "alias": "fashion", "title": "Mote"}, {"category": [], "alias": "musicalinstrumentsandteachers", "title": "Musikkinstrumenter og l\u00e6rere"}, {"category": [], "alias": "outlet_stores", "title": "Outletbutikker"}, {"category": [], "alias": "pawn", "title": "Pantel\u00e5nere"}, {"category": [], "alias": "perfume", "title": "Parfyme"}, {"category": [], "alias": "personal_shopping", "title": "Personlig shopping"}, {"category": [], "alias": "scandinaviandesign", "title": "Skandinavisk design"}, {"category": [], "alias": "jewelry", "title": "Smykker"}, {"category": [], "alias": "souvenirs", "title": "Souvenirbutikker"}, {"category": [], "alias": "knittingsupplies", "title": "Strikketilbeh\u00f8r"}, {"category": [], "alias": "tobaccoshops", "title": "Tobakksforretninger"}, {"category": [], "alias": "deptstores", "title": "Varehus"}], "alias": "shopping", "title": "Shopping"}, {"category": [{"category": [], "alias": "barbers", "title": "Barberere"}, {"category": [], "alias": "spas", "title": "Dag-spa"}, {"category": [], "alias": "hair", "title": "Fris\u00f8rsalonger"}, {"category": [], "alias": "skincare", "title": "Hudpleie"}, {"category": [{"category": [], "alias": "laser_hair_removal", "title": "Laserh\u00e5rfjerning"}], "alias": "hairremoval", "title": "H\u00e5rfjerning"}, {"category": [], "alias": "cosmetics", "title": "Kosmetikk og skj\u00f8nnhetspleie"}, {"category": [], "alias": "makeupartists", "title": "Makeup-artister"}, {"category": [], "alias": "massage", "title": "Massasje"}, {"category": [], "alias": "medicalspa", "title": "Medi-spa"}, {"category": [], "alias": "othersalons", "title": "Neglesalonger"}, {"category": [], "alias": "perfume", "title": "Parfyme"}, {"category": [], "alias": "piercing", "title": "Piercing"}, {"category": [], "alias": "tanning", "title": "Solarium"}, {"category": [], "alias": "tattoo", "title": "Tatovering"}, {"category": [], "alias": "eyelashservice", "title": "\u00d8yevippforlengelse"}], "alias": "beautysvc", "title": "Skj\u00f8nnhet og velv\u00e6re"}, {"category": [{"category": [], "alias": "aquariums", "title": "Akvarier"}, {"category": [], "alias": "amateursportsteams", "title": "Amat\u00f8ridrettslag"}, {"category": [], "alias": "bathing_area", "title": "Badested"}, {"category": [], "alias": "lawn_bowling", "title": "Boule"}, {"category": [], "alias": "bowling", "title": "Bowling"}, {"category": [], "alias": "archery", "title": "Bueskyting"}, {"category": [], "alias": "boating", "title": "B\u00e5tliv"}, {"category": [{"category": [], "alias": "scuba", "title": "Dykking"}, {"category": [], "alias": "freediving", "title": "Fridykking"}], "alias": "diving", "title": "Dykking"}, {"category": [], "alias": "zoos", "title": "Dyreparker"}, {"category": [], "alias": "skydiving", "title": "Fallskjermhopping"}, {"category": [], "alias": "fishing", "title": "Fiske"}, {"category": [{"category": [], "alias": "dancestudio", "title": "Dansestudioer"}, {"category": [], "alias": "martialarts", "title": "Kampsport"}, {"category": [], "alias": "healthtrainers", "title": "Personlige trenere"}, {"category": [], "alias": "pilates", "title": "Pilates"}, {"category": [], "alias": "swimminglessons", "title": "Sv\u00f8mmeundervisning/-skoler"}, {"category": [], "alias": "taichi", "title": "Tai Chi"}, {"category": [], "alias": "gyms", "title": "Treningssenter"}, {"category": [], "alias": "yoga", "title": "Yoga"}], "alias": "fitness", "title": "Fitness"}, {"category": [], "alias": "amusementparks", "title": "Forn\u00f8yelsesparker"}, {"category": [], "alias": "football", "title": "Fotball"}, {"category": [], "alias": "discgolf", "title": "Frisbee"}, {"category": [], "alias": "leisure_centers", "title": "Fritidssentre"}, {"category": [], "alias": "gokarts", "title": "Gokart"}, {"category": [], "alias": "golf", "title": "Golf"}, {"category": [], "alias": "horseracing", "title": "Hesteveddel\u00f8p"}, {"category": [], "alias": "lakes", "title": "Innsj\u00f8er"}, {"category": [], "alias": "climbing", "title": "Klatring"}, {"category": [], "alias": "playgrounds", "title": "Lekeplasser"}, {"category": [], "alias": "mini_golf", "title": "Minigolf"}, {"category": [{"category": [], "alias": "dog_parks", "title": "Hundeparker"}, {"category": [], "alias": "skate_parks", "title": "Skateboardparker"}], "alias": "parks", "title": "Parker"}, {"category": [], "alias": "rafting", "title": "Rafting/kajakkpadling"}, {"category": [], "alias": "recreation", "title": "Rekreasjonssentre"}, {"category": [], "alias": "horsebackriding", "title": "Ridning"}, {"category": [], "alias": "gliding", "title": "Seilfly"}, {"category": [], "alias": "sailing", "title": "Seiling"}, {"category": [], "alias": "skiing", "title": "Skig\u00e5ing"}, {"category": [], "alias": "gun_ranges", "title": "Skytebaner"}, {"category": [], "alias": "skatingrinks", "title": "Sk\u00f8ytebaner"}, {"category": [], "alias": "summer_camps", "title": "Sommerleire"}, {"category": [], "alias": "sports_clubs", "title": "Sportsklubber"}, {"category": [], "alias": "beaches", "title": "Strender"}, {"category": [], "alias": "swimmingpools", "title": "Sv\u00f8mmebasseng"}, {"category": [], "alias": "bicyclepaths", "title": "Sykkelstier"}, {"category": [], "alias": "bikerentals", "title": "Sykkelutleie"}, {"category": [], "alias": "tennis", "title": "Tennis"}, {"category": [], "alias": "mountainbiking", "title": "Terrengsykling"}, {"category": [], "alias": "hiking", "title": "Turg\u00e5ing"}, {"category": [], "alias": "hot_air_balloons", "title": "Varmluftsballonger"}], "alias": "active", "title": "Sport og fritid"}, {"category": [{"category": [], "alias": "elementaryschools", "title": "Barneskoler"}, {"category": [], "alias": "preschools", "title": "F\u00f8rskoler"}, {"category": [], "alias": "collegeuniv", "title": "H\u00f8yskoler og universiteter"}, {"category": [], "alias": "tutoring", "title": "L\u00e6rehjelp-senter"}, {"category": [], "alias": "privatetutors", "title": "Privatl\u00e6rere"}, {"category": [], "alias": "privateschools", "title": "Privatskoler"}, {"category": [], "alias": "testprep", "title": "Pr\u00f8veforberedelse"}, {"category": [], "alias": "specialed", "title": "Spesialpedagogikk"}, {"category": [{"category": [], "alias": "dance_schools", "title": "Danseskoler"}, {"category": [], "alias": "flightinstruction", "title": "Flyundervisning"}, {"category": [], "alias": "driving_schools", "title": "Kj\u00f8reskoler"}, {"category": [], "alias": "cosmetology_schools", "title": "Kosmetologutdanning"}, {"category": [], "alias": "artschools", "title": "Kunstskoler"}, {"category": [], "alias": "massage_schools", "title": "Mass\u00f8rutdanning"}, {"category": [], "alias": "cookingschools", "title": "Matlagingskurs"}, {"category": [], "alias": "language_schools", "title": "Spr\u00e5kskoler"}, {"category": [], "alias": "swimminglessons", "title": "Sv\u00f8mmeundervisning/-skoler"}, {"category": [], "alias": "vocation", "title": "Yrkes- og tekniske skoler"}], "alias": "specialtyschools", "title": "Spesialskoler"}, {"category": [], "alias": "highschools", "title": "Ungdoms- og videreg\u00e5ende skoler"}, {"category": [], "alias": "educationservices", "title": "Utdanningstjenester"}, {"category": [], "alias": "adultedu", "title": "Voksenoppl\u00e6ring"}], "alias": "education", "title": "Utdanning"}, {"category": [{"category": [{"category": [], "alias": "realestatelawyers", "title": "Advokater spesialisert p\u00e5 eiendomsmegling"}, {"category": [], "alias": "employmentlawyers", "title": "Advokater, arbeidsrett"}, {"category": [], "alias": "immigrationlawyers", "title": "Innvandringslover"}, {"category": [], "alias": "bankruptcy", "title": "Konkursloven"}, {"category": [], "alias": "personal_injury", "title": "Personskadeadvokater"}, {"category": [], "alias": "divorce", "title": "Skilsmisse og familiejuss"}, {"category": [], "alias": "criminaldefense", "title": "Straffeprosessloven"}, {"category": [], "alias": "general_litigation", "title": "Tvistem\u00e5l"}], "alias": "lawyers", "title": "Advokater"}, {"category": [], "alias": "advertising", "title": "Annonsering"}, {"category": [], "alias": "employmentagencies", "title": "Arbeidsformidling og bemanningsbyr\u00e5er"}, {"category": [], "alias": "architects", "title": "Arkitekter"}, {"category": [], "alias": "boatrepair", "title": "B\u00e5treparasjoner"}, {"category": [], "alias": "graphicdesign", "title": "Grafisk design"}, {"category": [], "alias": "isps", "title": "Internettleverand\u00f8rer"}, {"category": [], "alias": "officecleaning", "title": "Kontorrengj\u00f8ring"}, {"category": [], "alias": "lifecoach", "title": "Livscoach"}, {"category": [], "alias": "marketing", "title": "Markedsf\u00f8ring"}, {"category": [], "alias": "web_design", "title": "Nettdesign"}, {"category": [], "alias": "publicrelations", "title": "PR"}, {"category": [], "alias": "privateinvestigation", "title": "Privatdetektiver"}, {"category": [], "alias": "accountants", "title": "Regnskapsf\u00f8rere"}, {"category": [], "alias": "videofilmproductions", "title": "Video-/filmproduksjon"}, {"category": [], "alias": "careercounseling", "title": "Yrkesr\u00e5dgivning"}], "alias": "professional", "title": "\u00d8vrige profesjonelle tjenester"}]