<?xml version="1.0" encoding="iso-8859-1"?>
<gxml>
<graph id="Graph-One" type="General Graph">
<labels x="25" y="20" width="200" height="13" border="true">
<text>BankAccount State Model</text>
</labels>
<labels x="20" y="455" width="100" height="13" border="true">
<text>GOAL CLOSED</text>
</labels>
<labels x="26" y="85" width="109" height="13" border="true">
<text>INIT OPEN</text>
</labels>
<node id="S1">
<graphics>
<position x="212.0" y="152.0"/>
</graphics>
<name>
<value>OPEN</value>
<graphics>
<offset x="-2.0" y="-7.0"/>
</graphics>
</name>
</node>
<node id="S2">
<graphics>
<position x="392.0" y="152.0"/>
</graphics>
<name>
<value>CLOSED</value>
<graphics>
<offset x="42.0" y="-16.0"/>
</graphics>
</name>
</node>
<node id="S3">
<graphics>
<position x="392.0" y="302.0"/>
</graphics>
<name>
<value>OVERDRAWN</value>
<graphics>
<offset x="-14.0" y="26.0"/>
</graphics>
</name>
</node>
<arc id="" source="S1" target="S2">
<event>
<value>close</value>
</event>
<precondition>
<value/>
</precondition>
<postcondition>
<value/>
</postcondition>
<graphics/>
<arcpath id="000" x="238" y="165" curvePoint="false"/>
<arcpath id="001" x="389" y="164" curvePoint="false"/>
<type value=""/>
</arc>
<arc id="" source="S3" target="S1">
<event>
<value>deposit</value>
</event>
<precondition>
<value>amt&gt;0 &amp;&amp; amt+b&gt;=0</value>
</precondition>
<postcondition>
<value/>
</postcondition>
<graphics/>
<arcpath id="000" x="402" y="299" curvePoint="false"/>
<arcpath id="001" x="366" y="228" curvePoint="true"/>
<arcpath id="002" x="237" y="170" curvePoint="false"/>
<type value=""/>
</arc>
<arc id="" source="S1" target="S3">
<event>
<value>withdraw</value>
</event>
<precondition>
<value>amt&gt;0 &amp;&amp; b-amt&lt;-1000</value>
</precondition>
<postcondition>
<value/>
</postcondition>
<graphics/>
<arcpath id="000" x="226" y="178" curvePoint="false"/>
<arcpath id="001" x="274" y="274" curvePoint="true"/>
<arcpath id="002" x="389" y="309" curvePoint="false"/>
<type value=""/>
</arc>
<arc id="" source="S1" target="S1">
<event>
<value>getBalance</value>
</event>
<precondition>
<value/>
</precondition>
<postcondition>
<value/>
</postcondition>
<graphics/>
<arcpath id="000" x="234" y="153" curvePoint="false"/>
<arcpath id="001" x="259" y="109" curvePoint="true"/>
<arcpath id="002" x="214" y="109" curvePoint="true"/>
<arcpath id="003" x="229" y="154" curvePoint="false"/>
<type value=""/>
</arc>
<arc id="" source="S3" target="S3">
<event>
<value>getBalance</value>
</event>
<precondition>
<value/>
</precondition>
<postcondition>
<value/>
</postcondition>
<graphics/>
<arcpath id="000" x="417" y="321" curvePoint="false"/>
<arcpath id="001" x="484" y="349" curvePoint="true"/>
<arcpath id="002" x="484" y="319" curvePoint="true"/>
<arcpath id="003" x="424" y="304" curvePoint="true"/>
<type value=""/>
</arc>
<arc id="" source="S1" target="S1">
<event>
<value>deposit</value>
</event>
<precondition>
<value>amt&gt;0</value>
</precondition>
<postcondition>
<value/>
</postcondition>
<graphics/>
<arcpath id="000" x="209" y="159" curvePoint="false"/>
<arcpath id="001" x="166" y="152" curvePoint="true"/>
<arcpath id="002" x="124" y="169" curvePoint="true"/>
<arcpath id="003" x="169" y="184" curvePoint="true"/>
<arcpath id="004" x="214" y="169" curvePoint="false"/>
<type value=""/>
</arc>
<arc id="" source="S3" target="S3">
<event>
<value>deposit</value>
</event>
<precondition>
<value>amt&gt;0 &amp;&amp; amt+b&lt;0</value>
</precondition>
<postcondition>
<value/>
</postcondition>
<graphics/>
<arcpath id="000" x="394" y="325" curvePoint="false"/>
<arcpath id="001" x="364" y="379" curvePoint="true"/>
<arcpath id="002" x="394" y="379" curvePoint="true"/>
<arcpath id="003" x="409" y="334" curvePoint="false"/>
<type value=""/>
</arc>
<arc id="" source="S1" target="S1">
<event>
<value>withdraw</value>
</event>
<precondition>
<value>amt&gt;0 &amp;&amp; b-amt&gt;=0</value>
</precondition>
<postcondition>
<value/>
</postcondition>
<graphics/>
<arcpath id="000" x="212" y="173" curvePoint="false"/>
<arcpath id="001" x="166" y="226" curvePoint="true"/>
<arcpath id="002" x="211" y="226" curvePoint="true"/>
<arcpath id="003" x="226" y="181" curvePoint="false"/>
<type value=""/>
</arc>
</graph>
</gxml>
