<?xml version="1.0" encoding="iso-8859-1"?>
<pnml>
<net id="Net-One" type="PrT net">
<tokenclass id="Default" enabled="true" red="0" green="0" blue="0"/>
<labels x="36" y="480" width="436" height="26" border="true">
<text>GOAL [G1] clear(6), on(6, 3), ontable(3)</text>
</labels>
<labels x="36" y="531" width="436" height="25" border="true">
<text>GOAL [G2] clear(3), clear(6), on(6, 1), ontable(1), ontable(3)</text>
</labels>
<labels x="36" y="580" width="436" height="26" border="true">
<text>GOAL [G3] clear(2), clear(5), on(2, 6), on(5, 3), ontable(3), ontable(6)</text>
</labels>
<labels x="29" y="626" width="437" height="21" border="true">
<text>GOAL [HOME] clear(1), clear(6), on(1, 3), ontable(3), ontable(6)</text>
</labels>
<labels x="35" y="382" width="437" height="21" border="true">
<text>INIT clear(1), clear(6), on(1, 3), ontable(3), ontable(6)</text>
</labels>
<labels x="35" y="430" width="436" height="21" border="true">
<text>INIT clear(2), clear(5), on(2, 3), on(5, 6), ontable(3), ontable(6)</text>
</labels>
<place id="clear">
<graphics>
<position x="420.0" y="165.0"/>
</graphics>
<name>
<value>clear</value>
<graphics>
<offset x="79.0" y="20.0"/>
</graphics>
</name>
<initialMarking>
<value>Default,(3), (6)</value>
<graphics>
<offset x="0.0" y="0.0"/>
</graphics>
</initialMarking>
<capacity>
<value>0</value>
</capacity>
</place>
<place id="holding">
<graphics>
<position x="195.0" y="165.0"/>
</graphics>
<name>
<value>holding</value>
<graphics>
<offset x="43.0" y="46.0"/>
</graphics>
</name>
<initialMarking>
<value>Default,</value>
<graphics>
<offset x="0.0" y="0.0"/>
</graphics>
</initialMarking>
<capacity>
<value>0</value>
</capacity>
</place>
<place id="on">
<graphics>
<position x="300.0" y="165.0"/>
</graphics>
<name>
<value>on</value>
<graphics>
<offset x="3.0" y="9.0"/>
</graphics>
</name>
<initialMarking>
<value>Default,</value>
<graphics>
<offset x="0.0" y="0.0"/>
</graphics>
</initialMarking>
<capacity>
<value>0</value>
</capacity>
</place>
<place id="ontable">
<graphics>
<position x="75.0" y="165.0"/>
</graphics>
<name>
<value>ontable</value>
<graphics>
<offset x="3.0" y="16.0"/>
</graphics>
</name>
<initialMarking>
<value>Default,(3), (6)</value>
<graphics>
<offset x="0.0" y="0.0"/>
</graphics>
</initialMarking>
<capacity>
<value>0</value>
</capacity>
</place>
<transition id="pickup(x)">
<graphics>
<position x="90.0" y="90.0"/>
</graphics>
<name>
<value>pickup(x)</value>
<graphics>
<offset x="-2.0" y="-3.0"/>
</graphics>
</name>
<orientation>
<value>90</value>
</orientation>
<guard>
<value/>
</guard>
<effect>
<value/>
</effect>
<subnet>
<value/>
</subnet>
<rate>
<value>1.0</value>
</rate>
<timed>
<value>true</value>
</timed>
<infiniteServer>
<value>false</value>
</infiniteServer>
<priority>
<value>1</value>
</priority>
</transition>
<transition id="putdown(x)">
<graphics>
<position x="90.0" y="240.0"/>
</graphics>
<name>
<value>putdown(x)</value>
<graphics>
<offset x="14.0" y="39.0"/>
</graphics>
</name>
<orientation>
<value>90</value>
</orientation>
<guard>
<value/>
</guard>
<effect>
<value/>
</effect>
<subnet>
<value/>
</subnet>
<rate>
<value>1.0</value>
</rate>
<timed>
<value>true</value>
</timed>
<infiniteServer>
<value>false</value>
</infiniteServer>
<priority>
<value>1</value>
</priority>
</transition>
<transition id="stack(x,y)">
<graphics>
<position x="300.0" y="240.0"/>
</graphics>
<name>
<value>stack(x,y)</value>
<graphics>
<offset x="62.0" y="33.0"/>
</graphics>
</name>
<orientation>
<value>90</value>
</orientation>
<guard>
<value>x&lt;&gt;y</value>
</guard>
<effect>
<value/>
</effect>
<subnet>
<value/>
</subnet>
<rate>
<value>1.0</value>
</rate>
<timed>
<value>true</value>
</timed>
<infiniteServer>
<value>false</value>
</infiniteServer>
<priority>
<value>1</value>
</priority>
</transition>
<transition id="unstack(x,y)">
<graphics>
<position x="300.0" y="90.0"/>
</graphics>
<name>
<value>unstack(x,y)</value>
<graphics>
<offset x="57.0" y="-12.0"/>
</graphics>
</name>
<orientation>
<value>90</value>
</orientation>
<guard>
<value>x&lt;&gt;y</value>
</guard>
<effect>
<value/>
</effect>
<subnet>
<value/>
</subnet>
<rate>
<value>1.0</value>
</rate>
<timed>
<value>true</value>
</timed>
<infiniteServer>
<value>false</value>
</infiniteServer>
<priority>
<value>1</value>
</priority>
</transition>
<arc id="holding to pickup(x)" source="holding" target="pickup(x)">
<graphics/>
<inscription>
<value>Default,any</value>
<graphics/>
</inscription>
<tagged>
<value/>
</tagged>
<arcpath id="000" x="201" y="163" curvePoint="false"/>
<arcpath id="001" x="170" y="125" curvePoint="true"/>
<arcpath id="002" x="116" y="102" curvePoint="false"/>
<type value="inhibitor"/>
</arc>
<arc id="holding to unstack(x,y)" source="holding" target="unstack(x,y)">
<graphics/>
<inscription>
<value>Default,any</value>
<graphics/>
</inscription>
<tagged>
<value/>
</tagged>
<arcpath id="000" x="216" y="165" curvePoint="false"/>
<arcpath id="001" x="260" y="125" curvePoint="true"/>
<arcpath id="002" x="296" y="102" curvePoint="false"/>
<type value="inhibitor"/>
</arc>
<arc id="ontable to pickup(x)" source="ontable" target="pickup(x)">
<graphics/>
<inscription>
<value>Default,x</value>
<graphics/>
</inscription>
<tagged>
<value>false</value>
</tagged>
<arcpath id="000" x="89" y="162" curvePoint="false"/>
<arcpath id="001" x="96" y="106" curvePoint="false"/>
<type value="normal"/>
</arc>
<arc id="P2 to T2" source="holding" target="putdown(x)">
<graphics/>
<inscription>
<value>Default,x</value>
<graphics/>
</inscription>
<tagged>
<value>false</value>
</tagged>
<arcpath id="000" x="194" y="185" curvePoint="false"/>
<arcpath id="001" x="106" y="247" curvePoint="false"/>
<type value="normal"/>
</arc>
<arc id="P2 to T3" source="holding" target="stack(x,y)">
<graphics/>
<inscription>
<value>Default,x</value>
<graphics/>
</inscription>
<tagged>
<value>false</value>
</tagged>
<arcpath id="000" x="219" y="185" curvePoint="false"/>
<arcpath id="001" x="303" y="246" curvePoint="false"/>
<type value="normal"/>
</arc>
<arc id="P3 to T1" source="on" target="unstack(x,y)">
<graphics/>
<inscription>
<value>Default,&lt;x,y&gt;</value>
<graphics/>
</inscription>
<tagged>
<value>false</value>
</tagged>
<arcpath id="000" x="311" y="162" curvePoint="false"/>
<arcpath id="001" x="312" y="107" curvePoint="false"/>
<type value="normal"/>
</arc>
<arc id="P4 to T0" source="clear" target="pickup(x)">
<graphics/>
<inscription>
<value>Default,x</value>
<graphics/>
</inscription>
<tagged>
<value>false</value>
</tagged>
<arcpath id="000" x="434" y="162" curvePoint="false"/>
<arcpath id="001" x="437" y="94" curvePoint="true"/>
<arcpath id="002" x="396" y="51" curvePoint="true"/>
<arcpath id="003" x="341" y="39" curvePoint="true"/>
<arcpath id="004" x="250" y="35" curvePoint="true"/>
<arcpath id="005" x="144" y="53" curvePoint="true"/>
<arcpath id="006" x="101" y="96" curvePoint="true"/>
<type value="normal"/>
</arc>
<arc id="P4 to T1" source="clear" target="unstack(x,y)">
<graphics/>
<inscription>
<value>Default,x</value>
<graphics/>
</inscription>
<tagged>
<value>false</value>
</tagged>
<arcpath id="000" x="424" y="163" curvePoint="false"/>
<arcpath id="001" x="390" y="126" curvePoint="true"/>
<arcpath id="002" x="326" y="102" curvePoint="true"/>
<type value="normal"/>
</arc>
<arc id="P4 to T3" source="clear" target="stack(x,y)">
<graphics/>
<inscription>
<value>Default,y</value>
<graphics/>
</inscription>
<tagged>
<value>false</value>
</tagged>
<arcpath id="000" x="418" y="182" curvePoint="false"/>
<arcpath id="001" x="363" y="213" curvePoint="true"/>
<arcpath id="002" x="317" y="247" curvePoint="false"/>
<type value="normal"/>
</arc>
<arc id="putdown(x) to ontable" source="putdown(x)" target="ontable">
<graphics/>
<inscription>
<value>Default,x</value>
<graphics/>
</inscription>
<tagged>
<value>false</value>
</tagged>
<arcpath id="000" x="96" y="246" curvePoint="false"/>
<arcpath id="001" x="88" y="191" curvePoint="false"/>
<type value="normal"/>
</arc>
<arc id="T0 to P2" source="pickup(x)" target="holding">
<graphics/>
<inscription>
<value>Default,x</value>
<graphics/>
</inscription>
<tagged>
<value>false</value>
</tagged>
<arcpath id="000" x="106" y="107" curvePoint="false"/>
<arcpath id="001" x="154" y="159" curvePoint="true"/>
<arcpath id="002" x="192" y="172" curvePoint="false"/>
<type value="normal"/>
</arc>
<arc id="T1 to P2" source="unstack(x,y)" target="holding">
<graphics/>
<inscription>
<value>Default,x</value>
<graphics/>
</inscription>
<tagged>
<value>false</value>
</tagged>
<arcpath id="000" x="305" y="106" curvePoint="false"/>
<arcpath id="001" x="267" y="161" curvePoint="true"/>
<arcpath id="002" x="221" y="173" curvePoint="false"/>
<type value="normal"/>
</arc>
<arc id="T1 to P4" source="unstack(x,y)" target="clear">
<graphics/>
<inscription>
<value>Default,y</value>
<graphics/>
</inscription>
<tagged>
<value>false</value>
</tagged>
<arcpath id="000" x="319" y="107" curvePoint="false"/>
<arcpath id="001" x="376" y="159" curvePoint="true"/>
<arcpath id="002" x="417" y="172" curvePoint="false"/>
<type value="normal"/>
</arc>
<arc id="T2 to P4" source="putdown(x)" target="clear">
<graphics/>
<inscription>
<value>Default,x</value>
<graphics/>
</inscription>
<tagged>
<value>false</value>
</tagged>
<arcpath id="000" x="101" y="256" curvePoint="false"/>
<arcpath id="001" x="151" y="308" curvePoint="true"/>
<arcpath id="002" x="232" y="327" curvePoint="true"/>
<arcpath id="003" x="340" y="325" curvePoint="true"/>
<arcpath id="004" x="425" y="279" curvePoint="true"/>
<arcpath id="005" x="433" y="191" curvePoint="true"/>
<type value="normal"/>
</arc>
<arc id="T3 to P3" source="stack(x,y)" target="on">
<graphics/>
<inscription>
<value>Default,x,y</value>
<graphics/>
</inscription>
<tagged>
<value>false</value>
</tagged>
<arcpath id="000" x="310" y="246" curvePoint="false"/>
<arcpath id="001" x="311" y="191" curvePoint="false"/>
<type value="normal"/>
</arc>
<arc id="T3 to P4" source="stack(x,y)" target="clear">
<graphics/>
<inscription>
<value>Default,x</value>
<graphics/>
</inscription>
<tagged>
<value>false</value>
</tagged>
<arcpath id="000" x="326" y="252" curvePoint="false"/>
<arcpath id="001" x="390" y="245" curvePoint="true"/>
<arcpath id="002" x="425" y="190" curvePoint="true"/>
<type value="normal"/>
</arc>
</net>
</pnml>
