[{"category": [{"category": [], "alias": "contractors", "title": "Aannemers"}, {"category": [], "alias": "securitysystems", "title": "Beveiligingssystemen"}, {"category": [], "alias": "interiordesign", "title": "Binnenhuisarchitectuur"}, {"category": [], "alias": "treeservices", "title": "Boomspecialisten"}, {"category": [], "alias": "buildingsupplies", "title": "Bouwbenodigdheden"}, {"category": [], "alias": "roofing", "title": "Dakbedekking"}, {"category": [], "alias": "electricians", "title": "Elektriciens"}, {"category": [], "alias": "windowsinstallation", "title": "Glaszetters"}, {"category": [], "alias": "windowwashing", "title": "Glazenwassers"}, {"category": [], "alias": "gardeners", "title": "Hoveniers"}, {"category": [], "alias": "homecleaning", "title": "Huis schoonmaken"}, {"category": [], "alias": "home_inspectors", "title": "Huisinspecteurs"}, {"category": [], "alias": "isps", "title": "Internetleveranciers"}, {"category": [], "alias": "televisionserviceproviders", "title": "Kabelleveranciers"}, {"category": [], "alias": "handyman", "title": "Klusjesman"}, {"category": [], "alias": "landscapearchitects", "title": "Landschapsarchitecten"}, {"category": [], "alias": "landscaping", "title": "Landschapsarchitectuur"}, {"category": [], "alias": "plumbing", "title": "Loodgieters"}, {"category": [{"category": [], "alias": "apartments", "title": "Appartementen"}, {"category": [], "alias": "homestaging", "title": "Huis verkoop klaar maken"}, {"category": [], "alias": "mortgagebrokers", "title": "Hypotheekbemiddelaars"}, {"category": [], "alias": "realestateagents", "title": "Makelaars"}, {"category": [], "alias": "university_housing", "title": "Studentenkamers"}, {"category": [], "alias": "propertymgmt", "title": "Vastgoedbeheer"}, {"category": [], "alias": "realestatesvcs", "title": "Vastgoeddiensten"}], "alias": "realestate", "title": "Onroerend goed"}, {"category": [], "alias": "blinds", "title": "Rolgordijnen en jaloezie\u00ebn"}, {"category": [], "alias": "painters", "title": "Schilders"}, {"category": [], "alias": "locksmiths", "title": "Sleutels en slotenmakers"}, {"category": [], "alias": "carpetinstallation", "title": "Tapijt leggen"}, {"category": [], "alias": "carpeting", "title": "Tapijten"}, {"category": [], "alias": "hometheatreinstallation", "title": "Thuisbioscoop"}, {"category": [], "alias": "movers", "title": "Verhuizers"}, {"category": [], "alias": "lighting", "title": "Verlichtingsarmaturen en -uitrusting"}, {"category": [], "alias": "hvac", "title": "Verwarming en airconditioning/HVAC"}, {"category": [], "alias": "flooring", "title": "Vloeren"}, {"category": [], "alias": "solarinstallation", "title": "Zonne-installatie"}, {"category": [], "alias": "poolcleaners", "title": "Zwembadreinigers"}], "alias": "homeservices", "title": "Alles voor je huis"}, {"category": [{"category": [], "alias": "stereo_installation", "title": "Auto stereo installatie"}, {"category": [], "alias": "autopartssupplies", "title": "Auto-onderdelen en -benodigdheden"}, {"category": [], "alias": "car_dealers", "title": "Autodealers"}, {"category": [], "alias": "auto_detailing", "title": "Autoreiniging"}, {"category": [], "alias": "windshieldinstallrepair", "title": "Autoruitinstallatie en -reparatie"}, {"category": [], "alias": "autoglass", "title": "Autoruitservices"}, {"category": [], "alias": "carwash", "title": "Autowasserette"}, {"category": [], "alias": "tires", "title": "Banden"}, {"category": [], "alias": "bodyshops", "title": "Carrosseriebedrijven"}, {"category": [], "alias": "autorepair", "title": "Garages"}, {"category": [], "alias": "motorcycledealers", "title": "Motordealers"}, {"category": [], "alias": "motorcyclerepair", "title": "Motorreparatie"}, {"category": [], "alias": "oilchange", "title": "Olieverversstations"}, {"category": [], "alias": "parking", "title": "Parkeren"}, {"category": [], "alias": "smog_check_stations", "title": "Smogcontrolestations"}, {"category": [], "alias": "servicestations", "title": "Tankstations"}, {"category": [], "alias": "towing", "title": "Wegslepen"}], "alias": "auto", "title": "Auto-industrie"}, {"category": [{"category": [], "alias": "tanning", "title": "Bruinen"}, {"category": [], "alias": "cosmetics", "title": "Cosmetica en schoonheidsproducten"}, {"category": [{"category": [], "alias": "laser_hair_removal", "title": "Laserontharing"}], "alias": "hairremoval", "title": "Haarverwijdering"}, {"category": [], "alias": "barbers", "title": "Herenkappers"}, {"category": [], "alias": "skincare", "title": "Huidverzorging"}, {"category": [], "alias": "hair", "title": "Kappers"}, {"category": [], "alias": "makeupartists", "title": "Make-upartiesten"}, {"category": [], "alias": "massage", "title": "Massage"}, {"category": [], "alias": "medicalspa", "title": "Medische spa's"}, {"category": [], "alias": "othersalons", "title": "Nagelsalons"}, {"category": [], "alias": "piercing", "title": "Piercing"}, {"category": [], "alias": "spas", "title": "Sauna's"}, {"category": [], "alias": "tattoo", "title": "Tatoeage"}, {"category": [], "alias": "eyelashservice", "title": "Wimperbehandeling"}], "alias": "beautysvc", "title": "Beauty en spa's"}, {"category": [], "alias": "localflavor", "title": "Bijzonderheden stad"}, {"category": [{"category": [{"category": [], "alias": "divebars", "title": "Buurtcaf\u00e9"}, {"category": [], "alias": "pubs", "title": "Caf\u00e9s"}, {"category": [], "alias": "champagne_bars", "title": "Champagnebars"}, {"category": [], "alias": "gaybars", "title": "Homobars"}, {"category": [], "alias": "lounges", "title": "Loungebars"}, {"category": [], "alias": "sportsbars", "title": "Sportbars"}, {"category": [], "alias": "hookah_bars", "title": "Waterpijpcaf\u00e9s"}, {"category": [], "alias": "wine_bars", "title": "Wijnbars"}], "alias": "bars", "title": "Bars"}, {"category": [], "alias": "danceclubs", "title": "Clubs"}, {"category": [], "alias": "comedyclubs", "title": "Comedyclubs"}, {"category": [], "alias": "adultentertainment", "title": "Erotiek"}, {"category": [], "alias": "jazzandblues", "title": "Jazz en blues"}, {"category": [], "alias": "karaoke", "title": "Karaoke"}, {"category": [], "alias": "musicvenues", "title": "Muzieklocaties"}, {"category": [], "alias": "poolhalls", "title": "Poolhallen"}], "alias": "nightlife", "title": "Caf\u00e9/bar/club"}, {"category": [{"category": [], "alias": "bagels", "title": "Bagels"}, {"category": [], "alias": "bakeries", "title": "Bakkers"}, {"category": [], "alias": "fooddeliveryservices", "title": "Bezorgdiensten voor eten"}, {"category": [], "alias": "farmersmarket", "title": "Boerenmarkt"}, {"category": [], "alias": "breweries", "title": "Brouwerijen"}, {"category": [], "alias": "desserts", "title": "Desserts"}, {"category": [], "alias": "donuts", "title": "Donuts"}, {"category": [], "alias": "icecream", "title": "IJs & Frozen Yogurt"}, {"category": [], "alias": "internetcafe", "title": "Internetcaf\u00e9s"}, {"category": [], "alias": "coffee", "title": "Koffie en thee"}, {"category": [], "alias": "butcher", "title": "Slager"}, {"category": [], "alias": "beer_and_wine", "title": "Slijterij"}, {"category": [{"category": [], "alias": "chocolate", "title": "Chocoladefabrikanten en -winkels"}, {"category": [], "alias": "ethnicmarkets", "title": "Etnisch eten"}, {"category": [], "alias": "markets", "title": "Groenten en fruit"}, {"category": [], "alias": "cheese", "title": "Kaaswinkels"}, {"category": [], "alias": "herbsandspices", "title": "Kruiden en specerijen"}, {"category": [], "alias": "healthmarkets", "title": "Natuurwinkels"}, {"category": [], "alias": "meats", "title": "Slagers"}, {"category": [], "alias": "candy", "title": "Snoepwinkels"}, {"category": [], "alias": "seafoodmarkets", "title": "Vismarkten"}], "alias": "gourmet", "title": "Speciaal Eten"}, {"category": [], "alias": "streetvendors", "title": "Straatverkopers"}, {"category": [], "alias": "grocery", "title": "Supermarkt"}, {"category": [], "alias": "tea", "title": "Theesalons"}, {"category": [], "alias": "convenience", "title": "To go shops"}, {"category": [], "alias": "diyfood", "title": "Vers bereid eten"}, {"category": [], "alias": "juicebars", "title": "Verse sappen en smoothies "}, {"category": [], "alias": "wineries", "title": "Wijnkelders"}], "alias": "food", "title": "Eten"}, {"category": [{"category": [], "alias": "boatcharters", "title": "Bootverhuur"}, {"category": [], "alias": "videographers", "title": "Cameramensen"}, {"category": [], "alias": "catering", "title": "Cateringbedrijven"}, {"category": [], "alias": "djs", "title": "Dj's"}, {"category": [], "alias": "partysupplies", "title": "Feestartikelen"}, {"category": [], "alias": "photographers", "title": "Fotografen"}, {"category": [], "alias": "hotels", "title": "Hotels"}, {"category": [], "alias": "wedding_planning", "title": "Huwelijksplanner"}, {"category": [], "alias": "stationery", "title": "Kaarten en briefpapier"}, {"category": [], "alias": "venues", "title": "Locaties voor bijeenkomsten en evenementen"}, {"category": [], "alias": "eventplanning", "title": "Plannen van feesten en evenementen"}, {"category": [], "alias": "personalchefs", "title": "Priv\u00e9koks"}], "alias": "eventservices", "title": "Evenementenplanning en -organisatie"}, {"category": [{"category": [], "alias": "banks", "title": "Banken en kredietinstellingen"}, {"category": [], "alias": "paydayloans", "title": "Cheques inwisselen/Flitskredieten"}, {"category": [], "alias": "financialadvising", "title": "Financieel advies"}, {"category": [], "alias": "taxservices", "title": "Fiscale dienstverlening"}, {"category": [], "alias": "investing", "title": "Investeren"}, {"category": [], "alias": "insurance", "title": "Verzekeringen"}], "alias": "financialservices", "title": "Financi\u00eble diensten"}, {"category": [{"category": [], "alias": "acupuncture", "title": "Acupunctuur"}, {"category": [{"category": [], "alias": "allergist", "title": "Allergologen"}, {"category": [], "alias": "audiologist", "title": "Audioloog"}, {"category": [], "alias": "cardiology", "title": "Cardiologen"}, {"category": [], "alias": "dermatology", "title": "Dermatologen"}, {"category": [], "alias": "gastroenterologist", "title": "Gastro-enteroloog"}, {"category": [], "alias": "gerontologist", "title": "Gerontologen"}, {"category": [], "alias": "obgyn", "title": "Gynaecologen"}, {"category": [], "alias": "familydr", "title": "Huisartsen"}, {"category": [], "alias": "internalmed", "title": "Interne geneeskunde"}, {"category": [], "alias": "earnosethroat", "title": "Keel, neus en oor"}, {"category": [], "alias": "pediatricians", "title": "Kinderartsen"}, {"category": [], "alias": "pulmonologist", "title": "Longarts"}, {"category": [], "alias": "naturopathic", "title": "Naturopathisch/holistisch"}, {"category": [], "alias": "neurologist", "title": "Neuroloog"}, {"category": [], "alias": "oncologist", "title": "Oncoloog"}, {"category": [], "alias": "opthamalogists", "title": "Oogartsen"}, {"category": [], "alias": "orthopedists", "title": "Orthopedisten"}, {"category": [], "alias": "osteopathicphysicians", "title": "Osteopaten"}, {"category": [], "alias": "cosmeticsurgeons", "title": "Plastisch chirurgen"}, {"category": [], "alias": "podiatrists", "title": "Podoloog"}, {"category": [], "alias": "proctologist", "title": "Proctologen"}, {"category": [], "alias": "psychiatrists", "title": "Psychiaters"}, {"category": [], "alias": "sportsmed", "title": "Sportgeneeskunde"}, {"category": [], "alias": "tattooremoval", "title": "Tatoeage verwijderen"}, {"category": [], "alias": "fertility", "title": "Vruchtbaarheid"}], "alias": "physicians", "title": "Artsen"}, {"category": [], "alias": "weightlosscenters", "title": "Centra voor gewichtsverlies"}, {"category": [], "alias": "chiropractors", "title": "Chiropractoren"}, {"category": [], "alias": "c_and_mh", "title": "Counselen en geestelijke gezondheid"}, {"category": [], "alias": "physicaltherapy", "title": "Fysiotherapie"}, {"category": [], "alias": "hospice", "title": "Gasthuis"}, {"category": [], "alias": "medcenters", "title": "Medische centra"}, {"category": [], "alias": "medicalspa", "title": "Medische spa's"}, {"category": [], "alias": "laserlasikeyes", "title": "Ooglaserbehandeling/Lasik"}, {"category": [], "alias": "optometrists", "title": "Optometristen"}, {"category": [], "alias": "urgent_care", "title": "Spoedeisende hulp"}, {"category": [], "alias": "speech_therapists", "title": "Spraaktherapeuten"}, {"category": [{"category": [], "alias": "generaldentistry", "title": "Algemene tandheelkunde"}, {"category": [], "alias": "cosmeticdentists", "title": "Cosmetische tandartsen"}, {"category": [], "alias": "endodontists", "title": "Endodontologen"}, {"category": [], "alias": "oralsurgeons", "title": "Kaakchirurgen"}, {"category": [], "alias": "pediatric_dentists", "title": "Kindertandartsen"}, {"category": [], "alias": "orthodontists", "title": "Orthodontisten"}, {"category": [], "alias": "periodontists", "title": "Tandheelkundigen"}], "alias": "dentists", "title": "Tandartsen"}, {"category": [], "alias": "homehealthcare", "title": "Thuiszorg"}, {"category": [], "alias": "tcm", "title": "Traditionele Chinese geneeskunde "}, {"category": [], "alias": "midwives", "title": "Verloskundigen"}, {"category": [], "alias": "cannabis_clinics", "title": "Verslavingsklinieken"}, {"category": [], "alias": "retirement_homes", "title": "Verzorgingstehuizen"}, {"category": [], "alias": "nutritionists", "title": "Voedingsdeskundigen"}, {"category": [], "alias": "hospitals", "title": "Ziekenhuizen"}], "alias": "health", "title": "Gezondheid en medisch"}, {"category": [{"category": [], "alias": "carrental", "title": "Autoverhuur"}, {"category": [], "alias": "bedbreakfast", "title": "Bed & breakfast"}, {"category": [], "alias": "rvrental", "title": "Camperverhuur"}, {"category": [], "alias": "hotels", "title": "Hotels"}, {"category": [], "alias": "hostels", "title": "Jeugdherbergen"}, {"category": [], "alias": "campgrounds", "title": "Kampeerterreinen"}, {"category": [], "alias": "guesthouses", "title": "Pension"}, {"category": [], "alias": "travelservices", "title": "Reisdiensten"}, {"category": [], "alias": "tours", "title": "Rondleidingen"}, {"category": [], "alias": "skiresorts", "title": "Skiresorts"}, {"category": [{"category": [], "alias": "limos", "title": "Limousines"}, {"category": [], "alias": "publictransport", "title": "Openbaar vervoer"}, {"category": [], "alias": "taxis", "title": "Taxi's"}, {"category": [], "alias": "airlines", "title": "Vliegtuigmaatschappijen"}, {"category": [], "alias": "airport_shuttles", "title": "Vliegveldshuttles"}], "alias": "transport", "title": "Transport"}, {"category": [], "alias": "vacationrentalagents", "title": "Vakantieverhuurbemiddelaars"}, {"category": [], "alias": "airports", "title": "Vliegvelden"}], "alias": "hotelstravel", "title": "Hotels en reizen"}, {"category": [{"category": [], "alias": "vet", "title": "Dierenartsen"}, {"category": [], "alias": "animalshelters", "title": "Dierenasiels"}, {"category": [{"category": [], "alias": "groomer", "title": "Dierenkappers"}, {"category": [], "alias": "pet_sitting", "title": "Dierenpensions"}, {"category": [], "alias": "pet_training", "title": "Dierentrainingen"}, {"category": [], "alias": "dogwalkers", "title": "Hondenuitlaatservice"}], "alias": "petservices", "title": "Dierenservices"}, {"category": [], "alias": "petstore", "title": "Dierenwinkels"}], "alias": "pets", "title": "Huisdieren"}, {"category": [{"category": [], "alias": "movietheaters", "title": "Bioscoop"}, {"category": [], "alias": "gardens", "title": "Botanische tuinen"}, {"category": [], "alias": "casinos", "title": "Casino's"}, {"category": [], "alias": "festivals", "title": "Festivals"}, {"category": [], "alias": "jazzandblues", "title": "Jazz en blues"}, {"category": [], "alias": "galleries", "title": "Kunstgaleries"}, {"category": [], "alias": "museums", "title": "Musea"}, {"category": [], "alias": "musicvenues", "title": "Muzieklocaties"}, {"category": [], "alias": "opera", "title": "Opera en ballet"}, {"category": [], "alias": "psychic_astrology", "title": "Paranormaal begaafden en astrologen"}, {"category": [], "alias": "sportsteams", "title": "Professionele sportteams"}, {"category": [], "alias": "social_clubs", "title": "Sociale verenigingen"}, {"category": [], "alias": "stadiumsarenas", "title": "Stadions en arena's"}, {"category": [], "alias": "theater", "title": "Uitvoerende kunsten"}, {"category": [], "alias": "wineries", "title": "Wijnkelders"}, {"category": [], "alias": "arcades", "title": "Winkelcentra"}], "alias": "arts", "title": "Kunst en amusement"}, {"category": [{"category": [], "alias": "homeappliancerepair", "title": "Apparaten & reparatie"}, {"category": [], "alias": "electronicsrepair", "title": "Elektronicareparatie"}, {"category": [], "alias": "watch_repair", "title": "Horlogereparatie"}, {"category": [], "alias": "itservices", "title": "It-services en computerreparatie"}, {"category": [], "alias": "childcare", "title": "Kinderopvang"}, {"category": [], "alias": "couriers", "title": "Koeriers en postbezorgingdiensten"}, {"category": [], "alias": "reupholstery", "title": "Meubels opnieuw bekleden"}, {"category": [], "alias": "recyclingcenter", "title": "Milieupark"}, {"category": [], "alias": "sewingalterations", "title": "Naaien en vermaken"}, {"category": [], "alias": "notaries", "title": "Notarissen"}, {"category": [], "alias": "pest_control", "title": "Ongediertebestrijding"}, {"category": [], "alias": "recording_studios", "title": "Opname- en oefenstudio's"}, {"category": [], "alias": "selfstorage", "title": "Opslagruimten"}, {"category": [], "alias": "shipping_centers", "title": "Pakketdiensten"}, {"category": [], "alias": "copyshops", "title": "Printdiensten"}, {"category": [], "alias": "junkremovalandhauling", "title": "Puin verwijderen en afvoeren"}, {"category": [], "alias": "shoerepair", "title": "Schoenmakers"}, {"category": [], "alias": "snowremoval", "title": "Sneeuwruiming"}, {"category": [], "alias": "drycleaninglaundry", "title": "Stomerijen en wasserettes"}, {"category": [], "alias": "carpet_cleaning", "title": "Tapijtreiniging"}, {"category": [], "alias": "funeralservices", "title": "Uitvaartbegeleiding en begraafplaatsen"}, {"category": [], "alias": "nonprofit", "title": "Vrijwilligerswerk/non-profit"}, {"category": [], "alias": "screenprinting", "title": "Zeefdrukkerij"}], "alias": "localservices", "title": "Lokale diensten"}, {"category": [{"category": [], "alias": "printmedia", "title": "Gedrukte media"}, {"category": [], "alias": "radiostations", "title": "Radiostations"}, {"category": [], "alias": "televisionstations", "title": "Televisiestations"}], "alias": "massmedia", "title": "Massamedia"}, {"category": [{"category": [], "alias": "apartments", "title": "Appartementen"}, {"category": [], "alias": "homestaging", "title": "Huis verkoop klaar maken"}, {"category": [], "alias": "mortgagebrokers", "title": "Hypotheekbemiddelaars"}, {"category": [], "alias": "realestateagents", "title": "Makelaars"}, {"category": [], "alias": "university_housing", "title": "Studentenkamers"}, {"category": [], "alias": "propertymgmt", "title": "Vastgoedbeheer"}, {"category": [], "alias": "realestatesvcs", "title": "Vastgoeddiensten"}], "alias": "realestate", "title": "Onroerend goed"}, {"category": [{"category": [], "alias": "elementaryschools", "title": "Basisscholen"}, {"category": [], "alias": "testprep", "title": "Examen bijlessen"}, {"category": [], "alias": "collegeuniv", "title": "Hogescholen en universiteiten"}, {"category": [], "alias": "tutoring", "title": "Huiswerkbegeleiding"}, {"category": [], "alias": "preschools", "title": "Kinderdagverblijf"}, {"category": [], "alias": "highschools", "title": "Middelbare scholen"}, {"category": [], "alias": "educationservices", "title": "Onderwijsdiensten"}, {"category": [], "alias": "privatetutors", "title": "Priv\u00e9leraren"}, {"category": [{"category": [], "alias": "vocation", "title": "Beroeps- en technische school"}, {"category": [], "alias": "dance_schools", "title": "Dansscholen"}, {"category": [], "alias": "cookingschools", "title": "Kookscholen"}, {"category": [], "alias": "artschools", "title": "Kunstonderwijs"}, {"category": [], "alias": "massage_schools", "title": "Massagescholen"}, {"category": [], "alias": "cosmetology_schools", "title": "Opleidingen schoonheidsverzorging"}, {"category": [], "alias": "driving_schools", "title": "Rijscholen"}, {"category": [], "alias": "language_schools", "title": "Talenscholen"}, {"category": [], "alias": "flightinstruction", "title": "Vliegopleidingen"}, {"category": [], "alias": "swimminglessons", "title": "Zwemlessen/-scholen"}], "alias": "specialtyschools", "title": "Scholen voor bijzonder onderwijs"}, {"category": [], "alias": "specialed", "title": "Speciaal onderwijs"}, {"category": [], "alias": "adultedu", "title": "Volwassenenonderwijs"}], "alias": "education", "title": "Opleiding"}, {"category": [{"category": [], "alias": "accountants", "title": "Accountants"}, {"category": [], "alias": "advertising", "title": "Adverteren"}, {"category": [{"category": [], "alias": "personal_injury", "title": "Aansprakelijkheidsrecht"}, {"category": [], "alias": "general_litigation", "title": "Advocaten"}, {"category": [], "alias": "employmentlawyers", "title": "Arbeidsrecht"}, {"category": [], "alias": "divorce", "title": "Echtscheiding en familierecht"}, {"category": [], "alias": "estateplanning", "title": "Erfrecht"}, {"category": [], "alias": "immigrationlawyers", "title": "Immigratierecht"}, {"category": [], "alias": "realestatelawyers", "title": "Onroerend goedrecht"}, {"category": [], "alias": "criminaldefense", "title": "Strafrecht"}, {"category": [], "alias": "bankruptcy", "title": "Van Apuli\u00eb"}], "alias": "lawyers", "title": "Advocaten"}, {"category": [], "alias": "architects", "title": "Architecten"}, {"category": [], "alias": "boatrepair", "title": "Bootreparatie"}, {"category": [], "alias": "graphicdesign", "title": "Grafisch ontwerp"}, {"category": [], "alias": "isps", "title": "Internetleveranciers"}, {"category": [], "alias": "officecleaning", "title": "Kantoorschoonmaak"}, {"category": [], "alias": "lifecoach", "title": "Levenscoach"}, {"category": [], "alias": "careercounseling", "title": "Loopbaancoaching"}, {"category": [], "alias": "marketing", "title": "Marketing"}, {"category": [], "alias": "privateinvestigation", "title": "Priv\u00e9detectives"}, {"category": [], "alias": "publicrelations", "title": "Public relations"}, {"category": [], "alias": "employmentagencies", "title": "Uitzendbureaus"}, {"category": [], "alias": "videofilmproductions", "title": "Video-/filmproductie"}, {"category": [], "alias": "web_design", "title": "Webdesign"}], "alias": "professional", "title": "Professionele dienstverlening"}, {"category": [{"category": [], "alias": "buddhist_temples", "title": "Boeddhistische tempels"}, {"category": [], "alias": "hindu_temples", "title": "Hindoetempels"}, {"category": [], "alias": "churches", "title": "Kerken"}, {"category": [], "alias": "mosques", "title": "Moskee\u00ebn"}, {"category": [], "alias": "synagogues", "title": "Synagogen"}], "alias": "religiousorgs", "title": "Religieuze organisaties"}, {"category": [{"category": [], "alias": "afghani", "title": "Afghaans"}, {"category": [], "alias": "delis", "title": "Afhalen"}, {"category": [], "alias": "african", "title": "Afrikaans"}, {"category": [], "alias": "tradamerican", "title": "Amerikaans (traditioneel)"}, {"category": [], "alias": "argentine", "title": "Argentijns"}, {"category": [], "alias": "asianfusion", "title": "Aziatisch fusion"}, {"category": [], "alias": "bbq", "title": "Barbecue "}, {"category": [], "alias": "basque", "title": "Baskisch"}, {"category": [], "alias": "belgian", "title": "Belgisch"}, {"category": [], "alias": "burmese", "title": "Birmees"}, {"category": [], "alias": "brasseries", "title": "Brasseries"}, {"category": [], "alias": "brazilian", "title": "Braziliaans"}, {"category": [], "alias": "british", "title": "Brits"}, {"category": [], "alias": "buffets", "title": "Buffetten"}, {"category": [], "alias": "cafes", "title": "Caf\u00e9s"}, {"category": [], "alias": "cajun", "title": "Cajun/Creools"}, {"category": [], "alias": "cambodian", "title": "Cambodjaans"}, {"category": [], "alias": "caribbean", "title": "Caribisch"}, {"category": [], "alias": "cheesesteaks", "title": "Cheesesteaks"}, {"category": [{"category": [], "alias": "dimsum", "title": "Dim sum"}], "alias": "chinese", "title": "Chinees"}, {"category": [], "alias": "cuban", "title": "Cubaans"}, {"category": [], "alias": "german", "title": "Duits"}, {"category": [], "alias": "gastropubs", "title": "Eetcaf\u00e9s"}, {"category": [], "alias": "foodstands", "title": "Eetkramen"}, {"category": [], "alias": "ethiopian", "title": "Ethiopisch"}, {"category": [], "alias": "hotdogs", "title": "Fastfood"}, {"category": [], "alias": "filipino", "title": "Filipijns"}, {"category": [], "alias": "fishnchips", "title": "Fish & chips"}, {"category": [], "alias": "fondue", "title": "Fondue"}, {"category": [], "alias": "french", "title": "Frans"}, {"category": [], "alias": "gluten_free", "title": "Gluten vrij"}, {"category": [], "alias": "greek", "title": "Grieks"}, {"category": [], "alias": "halal", "title": "Halal"}, {"category": [], "alias": "burgers", "title": "Hamburgers"}, {"category": [], "alias": "hawaiian", "title": "Hawaiaans"}, {"category": [], "alias": "himalayan", "title": "Himalayaans/Nepalees"}, {"category": [], "alias": "hungarian", "title": "Hongaars"}, {"category": [], "alias": "hotdog", "title": "Hotdogs"}, {"category": [], "alias": "irish", "title": "Iers"}, {"category": [], "alias": "indpak", "title": "Indiaas"}, {"category": [], "alias": "indonesian", "title": "Indonesisch"}, {"category": [], "alias": "italian", "title": "Italiaans"}, {"category": [], "alias": "japanese", "title": "Japans"}, {"category": [], "alias": "diners", "title": "Kleine restaurants"}, {"category": [], "alias": "korean", "title": "Koreaans"}, {"category": [], "alias": "kosher", "title": "Kosher"}, {"category": [], "alias": "latin", "title": "Latijns-Amerikaans"}, {"category": [], "alias": "raw_food", "title": "Levend/rauw eten"}, {"category": [], "alias": "malaysian", "title": "Maleisisch"}, {"category": [], "alias": "moroccan", "title": "Marokkaans"}, {"category": [], "alias": "mediterranean", "title": "Mediterraans"}, {"category": [], "alias": "mexican", "title": "Mexicaans"}, {"category": [], "alias": "mideastern", "title": "Midden-Oosters"}, {"category": [], "alias": "modern_european", "title": "Modern Europees"}, {"category": [], "alias": "mongolian", "title": "Mongolees"}, {"category": [], "alias": "ukrainian", "title": "Oekra\u00efens"}, {"category": [], "alias": "breakfast_brunch", "title": "Ontbijt en brunch"}, {"category": [], "alias": "pakistani", "title": "Pakistaans"}, {"category": [], "alias": "creperies", "title": "Pannenkoeken/poffertjes "}, {"category": [], "alias": "peruvian", "title": "Peruaans"}, {"category": [], "alias": "persian", "title": "Perzisch/Iraans"}, {"category": [], "alias": "pizza", "title": "Pizza"}, {"category": [], "alias": "polish", "title": "Pools"}, {"category": [], "alias": "portuguese", "title": "Portugees"}, {"category": [], "alias": "russian", "title": "Russisch"}, {"category": [], "alias": "salad", "title": "Salade"}, {"category": [], "alias": "sandwiches", "title": "Sandwiches/broodjes"}, {"category": [], "alias": "scandinavian", "title": "Scandinavisch"}, {"category": [], "alias": "singaporean", "title": "Singaporees"}, {"category": [], "alias": "soup", "title": "Soep"}, {"category": [], "alias": "soulfood", "title": "Soul food"}, {"category": [], "alias": "spanish", "title": "Spaans"}, {"category": [], "alias": "steak", "title": "Steakhuizen"}, {"category": [], "alias": "sushi", "title": "Sushi"}, {"category": [], "alias": "taiwanese", "title": "Taiwanees"}, {"category": [], "alias": "tapasmallplates", "title": "Tapas/kleine gerechten"}, {"category": [], "alias": "tapas", "title": "Tapasbars"}, {"category": [], "alias": "tex-mex", "title": "Texmex"}, {"category": [], "alias": "thai", "title": "Thais"}, {"category": [], "alias": "turkish", "title": "Turks"}, {"category": [], "alias": "vegan", "title": "Veganistisch"}, {"category": [], "alias": "vegetarian", "title": "Vegetarisch"}, {"category": [], "alias": "vietnamese", "title": "Vietnamees"}, {"category": [], "alias": "seafood", "title": "Vis"}, {"category": [], "alias": "southern", "title": "Zuidelijk"}], "alias": "restaurants", "title": "Restaurants"}, {"category": [{"category": [], "alias": "landmarks", "title": "Bezienswaardigheden en historische gebouwen"}, {"category": [], "alias": "libraries", "title": "Bibliotheken"}, {"category": [], "alias": "policedepartments", "title": "Politiebureaus"}, {"category": [], "alias": "postoffices", "title": "Postkantoren"}, {"category": [], "alias": "departmentsofmotorvehicles", "title": "RDW-kantoren"}], "alias": "publicservicesgovt", "title": "Rijksdiensten en overheid"}, {"category": [{"category": [], "alias": "amateursportsteams", "title": "Amateursportteams"}, {"category": [], "alias": "aquariums", "title": "Aquaria"}, {"category": [], "alias": "archery", "title": "Boogschieten"}, {"category": [], "alias": "bowling", "title": "Bowlen"}, {"category": [], "alias": "zoos", "title": "Dierentuinen"}, {"category": [], "alias": "discgolf", "title": "Discgolf"}, {"category": [{"category": [], "alias": "scuba", "title": "Duiken"}, {"category": [], "alias": "freediving", "title": "Freestyle duiken"}], "alias": "diving", "title": "Duiken"}, {"category": [], "alias": "bikerentals", "title": "Fietsverhuur"}, {"category": [{"category": [], "alias": "dancestudio", "title": "Dansstudio's"}, {"category": [], "alias": "martialarts", "title": "Oosterse vechtsporten"}, {"category": [], "alias": "pilates", "title": "Pilates"}, {"category": [], "alias": "gyms", "title": "Sportscholen"}, {"category": [], "alias": "taichi", "title": "Taichi"}, {"category": [], "alias": "healthtrainers", "title": "Trainers"}, {"category": [], "alias": "yoga", "title": "Yoga"}, {"category": [], "alias": "swimminglessons", "title": "Zwemlessen/-scholen"}], "alias": "fitness", "title": "Fitness en -lessen"}, {"category": [], "alias": "golf", "title": "Golf"}, {"category": [], "alias": "skatingrinks", "title": "IJsbanen"}, {"category": [], "alias": "gokarts", "title": "Karten "}, {"category": [], "alias": "climbing", "title": "Klimmen"}, {"category": [], "alias": "lakes", "title": "Meren"}, {"category": [], "alias": "mini_golf", "title": "Minigolf"}, {"category": [], "alias": "mountainbiking", "title": "Mountainbiken "}, {"category": [], "alias": "horsebackriding", "title": "Paardrijden"}, {"category": [], "alias": "skydiving", "title": "Parachutespringen"}, {"category": [{"category": [], "alias": "dog_parks", "title": "Hondenuitlaatplekken"}, {"category": [], "alias": "skate_parks", "title": "Skateparken"}], "alias": "parks", "title": "Parken"}, {"category": [], "alias": "amusementparks", "title": "Pretparken"}, {"category": [], "alias": "rafting", "title": "Raften/kajakken"}, {"category": [], "alias": "recreation", "title": "Recreatiecentrum"}, {"category": [], "alias": "gun_ranges", "title": "Schietbanen"}, {"category": [], "alias": "playgrounds", "title": "Speeltuinen"}, {"category": [], "alias": "sports_clubs", "title": "Sportclubs"}, {"category": [], "alias": "beaches", "title": "Stranden"}, {"category": [], "alias": "tennis", "title": "Tennis"}, {"category": [], "alias": "hiking", "title": "Trektochten"}, {"category": [], "alias": "boating", "title": "Varen"}, {"category": [], "alias": "fishing", "title": "Vissen"}, {"category": [], "alias": "football", "title": "Voetbal"}, {"category": [], "alias": "leisure_centers", "title": "Vrijetijdscentra"}, {"category": [], "alias": "summer_camps", "title": "Zomerkampen"}, {"category": [], "alias": "swimmingpools", "title": "Zwembaden"}], "alias": "active", "title": "Sportactiviteiten"}, {"category": [{"category": [], "alias": "antiques", "title": "Antiquiteiten"}, {"category": [], "alias": "baby_gear", "title": "Babyartikelen en -meubels"}, {"category": [], "alias": "luggage", "title": "Bagage"}, {"category": [{"category": [], "alias": "florists", "title": "Bloemisten"}, {"category": [], "alias": "stationery", "title": "Kaarten en briefpapier"}], "alias": "flowers", "title": "Bloemen en cadeaus"}, {"category": [{"category": [], "alias": "bookstores", "title": "Boekenwinkels"}, {"category": [], "alias": "mags", "title": "Kranten en tijdschriften"}, {"category": [], "alias": "musicvideo", "title": "Muziek en dvd's"}, {"category": [], "alias": "comicbooks", "title": "Stripboeken"}, {"category": [], "alias": "videoandgames", "title": "Verhuur van video's en videospelletjes"}, {"category": [], "alias": "vinyl_records", "title": "Vinylplaten"}], "alias": "media", "title": "Boeken, tijdschriften, muziek en video"}, {"category": [], "alias": "knittingsupplies", "title": "Breimateriaal"}, {"category": [], "alias": "opticians", "title": "Brillen en opticiens"}, {"category": [], "alias": "bridal", "title": "Bruiloftsartikelen"}, {"category": [], "alias": "computers", "title": "Computers"}, {"category": [], "alias": "cosmetics", "title": "Cosmetica en schoonheidsproducten"}, {"category": [], "alias": "drugstores", "title": "Drogisten"}, {"category": [], "alias": "electronics", "title": "Elektronica"}, {"category": [], "alias": "photographystores", "title": "Fotografiewinkels en -diensten"}, {"category": [], "alias": "wholesale_stores", "title": "Groothandel"}, {"category": [], "alias": "hobbyshops", "title": "Hobbywinkels"}, {"category": [], "alias": "watches", "title": "Horloges"}, {"category": [{"category": [], "alias": "appliances", "title": "Apparaten"}, {"category": [], "alias": "hardware", "title": "Doe-het-zelfzaken"}, {"category": [], "alias": "hottubandpool", "title": "Jacuzzi en zwembad"}, {"category": [], "alias": "kitchenandbath", "title": "Keuken en badkamer"}, {"category": [], "alias": "gardening", "title": "Kwekerijen en tuinieren"}, {"category": [], "alias": "mattresses", "title": "Matrassen"}, {"category": [], "alias": "furniture", "title": "Meubelwinkels"}, {"category": [], "alias": "homedecor", "title": "Woondecoraties "}], "alias": "homeandgarden", "title": "Huis en tuin"}, {"category": [], "alias": "officeequipment", "title": "Kantooruitrusting"}, {"category": [], "alias": "discountstore", "title": "Koopjeswinkel"}, {"category": [{"category": [], "alias": "framing", "title": "Inlijsten"}, {"category": [], "alias": "stationery", "title": "Kaarten en briefpapier"}, {"category": [], "alias": "costumes", "title": "Kostuums"}, {"category": [], "alias": "artsupplies", "title": "Kunstenaarsbenodigdheden"}, {"category": [], "alias": "fabricstores", "title": "Stoffenwinkels"}], "alias": "artsandcrafts", "title": "Kunst en ambacht"}, {"category": [], "alias": "galleries", "title": "Kunstgaleries"}, {"category": [], "alias": "mobilephones", "title": "Mobiele telefoons"}, {"category": [{"category": [], "alias": "accessories", "title": "Accessoires"}, {"category": [], "alias": "vintage", "title": "Gebruikt & Vintage "}, {"category": [], "alias": "menscloth", "title": "Herenkleding"}, {"category": [], "alias": "childcloth", "title": "Kinderkleding"}, {"category": [], "alias": "leather", "title": "Lederen artikelen"}, {"category": [], "alias": "lingerie", "title": "Lingerie"}, {"category": [], "alias": "maternity", "title": "Positiekleding"}, {"category": [], "alias": "shoes", "title": "Schoenenwinkels"}, {"category": [], "alias": "sportswear", "title": "Sportkleding"}, {"category": [], "alias": "womenscloth", "title": "Vrouwenkleding"}, {"category": [], "alias": "deptstores", "title": "Warenhuizen"}, {"category": [], "alias": "swimwear", "title": "Zwemkleding"}], "alias": "fashion", "title": "Mode"}, {"category": [], "alias": "musicalinstrumentsandteachers", "title": "Muziekinstrumenten en -leraren"}, {"category": [], "alias": "outlet_stores", "title": "Outletwinkels"}, {"category": [], "alias": "pawn", "title": "Pandjeshuizen"}, {"category": [], "alias": "personal_shopping", "title": "Personal shoppers"}, {"category": [], "alias": "jewelry", "title": "Sieraden"}, {"category": [], "alias": "toys", "title": "Speelgoedwinkels"}, {"category": [{"category": [], "alias": "outdoorgear", "title": "Buitenuitrusting"}, {"category": [], "alias": "bikes", "title": "Fietsen"}, {"category": [], "alias": "sportswear", "title": "Sportkleding"}], "alias": "sportgoods", "title": "Sportartikelen"}, {"category": [], "alias": "tobaccoshops", "title": "Tabakswinkels"}, {"category": [], "alias": "thrift_stores", "title": "Tweedehands winkels"}, {"category": [], "alias": "adult", "title": "Volwassenen"}, {"category": [], "alias": "deptstores", "title": "Warenhuizen"}, {"category": [], "alias": "shoppingcenters", "title": "Winkelcentra"}], "alias": "shopping", "title": "Winkelen"}]