<?xml version="1.0" encoding="iso-8859-1"?>
<pnml>
<net id="Net-One" type="PrT net">
<tokenclass id="Default" enabled="true" red="0" green="0" blue="0"/>
<labels x="29" y="20" width="642" height="26" border="false">
<text>Data place vs control place: try "Generate Test Tree" with the options "Total order" and "Partial order", respectively. </text>
</labels>
<labels x="418" y="107" width="201" height="58" border="false">
<text>INIT 
X(X1), X(X2), X(X3), X(X4),
Y(Y1), Y(Y2), Y(Y3), Y(Y4),
Z(Z1), Z(Z2), Z(Z3), start</text>
</labels>
<place id="P1">
<graphics>
<position x="90.0" y="90.0"/>
</graphics>
<name>
<value>X</value>
<graphics>
<offset x="-5.0" y="35.0"/>
</graphics>
</name>
<initialMarking>
<value>Default,</value>
<graphics>
<offset x="0.0" y="0.0"/>
</graphics>
</initialMarking>
<capacity>
<value>0</value>
</capacity>
</place>
<place id="P2">
<graphics>
<position x="90.0" y="150.0"/>
</graphics>
<name>
<value>Y</value>
<graphics>
<offset x="-5.0" y="35.0"/>
</graphics>
</name>
<initialMarking>
<value>Default,</value>
<graphics>
<offset x="0.0" y="0.0"/>
</graphics>
</initialMarking>
<capacity>
<value>0</value>
</capacity>
</place>
<place id="P3">
<graphics>
<position x="270.0" y="120.0"/>
</graphics>
<name>
<value>XY</value>
<graphics>
<offset x="25.0" y="-7.0"/>
</graphics>
</name>
<initialMarking>
<value>Default,</value>
<graphics>
<offset x="0.0" y="0.0"/>
</graphics>
</initialMarking>
<capacity>
<value>0</value>
</capacity>
</place>
<place id="P4">
<graphics>
<position x="270.0" y="210.0"/>
</graphics>
<name>
<value>Z</value>
<graphics>
<offset x="-5.0" y="35.0"/>
</graphics>
</name>
<initialMarking>
<value>Default,</value>
<graphics>
<offset x="0.0" y="0.0"/>
</graphics>
</initialMarking>
<capacity>
<value>0</value>
</capacity>
</place>
<place id="P5">
<graphics>
<position x="510.0" y="180.0"/>
</graphics>
<name>
<value>XYZ</value>
<graphics>
<offset x="-5.0" y="35.0"/>
</graphics>
</name>
<initialMarking>
<value>Default,</value>
<graphics>
<offset x="0.0" y="0.0"/>
</graphics>
</initialMarking>
<capacity>
<value>0</value>
</capacity>
</place>
<place id="P6">
<graphics>
<position x="90.0" y="210.0"/>
</graphics>
<name>
<value>start</value>
<graphics>
<offset x="-5.0" y="35.0"/>
</graphics>
</name>
<initialMarking>
<value>Default,</value>
<graphics>
<offset x="0.0" y="0.0"/>
</graphics>
</initialMarking>
<capacity>
<value>0</value>
</capacity>
</place>
<transition id="T1">
<graphics>
<position x="180.0" y="120.0"/>
</graphics>
<name>
<value>T1(x,y)</value>
<graphics>
<offset x="38.0" y="52.0"/>
</graphics>
</name>
<orientation>
<value>0</value>
</orientation>
<guard>
<value/>
</guard>
<effect>
<value/>
</effect>
<rate>
<value>1.0</value>
</rate>
<timed>
<value>true</value>
</timed>
<infiniteServer>
<value>false</value>
</infiniteServer>
<priority>
<value>1</value>
</priority>
</transition>
<transition id="T2">
<graphics>
<position x="390.0" y="180.0"/>
</graphics>
<name>
<value>T2(z)</value>
<graphics>
<offset x="51.0" y="49.0"/>
</graphics>
</name>
<orientation>
<value>0</value>
</orientation>
<guard>
<value/>
</guard>
<effect>
<value/>
</effect>
<rate>
<value>1.0</value>
</rate>
<timed>
<value>true</value>
</timed>
<infiniteServer>
<value>false</value>
</infiniteServer>
<priority>
<value>1</value>
</priority>
</transition>
<arc id="P1 to T1" source="P1" target="T1">
<graphics/>
<inscription>
<value>Default,x</value>
<graphics/>
</inscription>
<tagged>
<value/>
</tagged>
<arcpath id="000" x="116" y="107" curvePoint="false"/>
<arcpath id="001" x="187" y="126" curvePoint="false"/>
<type value="bidirectional"/>
</arc>
<arc id="P2 to T1" source="P2" target="T1">
<graphics/>
<inscription>
<value>Default,y</value>
<graphics/>
</inscription>
<tagged>
<value/>
</tagged>
<arcpath id="000" x="116" y="157" curvePoint="false"/>
<arcpath id="001" x="186" y="133" curvePoint="false"/>
<type value="bidirectional"/>
</arc>
<arc id="P3 to T2" source="P3" target="T2">
<graphics/>
<inscription>
<value>Default,</value>
<graphics/>
</inscription>
<tagged>
<value>false</value>
</tagged>
<arcpath id="000" x="295" y="139" curvePoint="false"/>
<arcpath id="001" x="397" y="187" curvePoint="false"/>
<type value="normal"/>
</arc>
<arc id="P4 to T2" source="P4" target="T2">
<graphics/>
<inscription>
<value>Default,z</value>
<graphics/>
</inscription>
<tagged>
<value/>
</tagged>
<arcpath id="000" x="296" y="218" curvePoint="false"/>
<arcpath id="001" x="396" y="197" curvePoint="false"/>
<type value="bidirectional"/>
</arc>
<arc id="P6 to T1" source="P6" target="T1">
<graphics/>
<inscription>
<value>Default,</value>
<graphics/>
</inscription>
<tagged>
<value>false</value>
</tagged>
<arcpath id="000" x="112" y="211" curvePoint="false"/>
<arcpath id="001" x="186" y="140" curvePoint="false"/>
<type value="normal"/>
</arc>
<arc id="T1 to P3" source="T1" target="P3">
<graphics/>
<inscription>
<value>Default,</value>
<graphics/>
</inscription>
<tagged>
<value>false</value>
</tagged>
<arcpath id="000" x="196" y="132" curvePoint="false"/>
<arcpath id="001" x="267" y="132" curvePoint="false"/>
<type value="normal"/>
</arc>
<arc id="T2 to P5" source="T2" target="P5">
<graphics/>
<inscription>
<value>Default,</value>
<graphics/>
</inscription>
<tagged>
<value>false</value>
</tagged>
<arcpath id="000" x="406" y="192" curvePoint="false"/>
<arcpath id="001" x="507" y="192" curvePoint="false"/>
<type value="normal"/>
</arc>
</net>
</pnml>
