<?xml version="1.0" encoding="iso-8859-1"?>
<pnml>
<net id="Net-One" type="PrT net">
<tokenclass id="Default" enabled="true" red="0" green="0" blue="0"/>
<labels x="21" y="20" width="401" height="13" border="false">
<text>A simple function net</text>
</labels>
<place id="P1">
<graphics>
<position x="120.0" y="90.0"/>
</graphics>
<name>
<value>p1</value>
<graphics>
<offset x="18.0" y="-4.0"/>
</graphics>
</name>
<initialMarking>
<value>Default,(1,1), (1,2)</value>
<graphics>
<offset x="0.0" y="0.0"/>
</graphics>
</initialMarking>
<capacity>
<value>0</value>
</capacity>
</place>
<place id="P2">
<graphics>
<position x="120.0" y="210.0"/>
</graphics>
<name>
<value>p2</value>
<graphics>
<offset x="10.0" y="2.0"/>
</graphics>
</name>
<initialMarking>
<value>Default,(2)</value>
<graphics>
<offset x="0.0" y="0.0"/>
</graphics>
</initialMarking>
<capacity>
<value>0</value>
</capacity>
</place>
<place id="P3">
<graphics>
<position x="300.0" y="150.0"/>
</graphics>
<name>
<value>p3</value>
<graphics>
<offset x="26.0" y="47.0"/>
</graphics>
</name>
<initialMarking>
<value>Default,</value>
<graphics>
<offset x="0.0" y="0.0"/>
</graphics>
</initialMarking>
<capacity>
<value>0</value>
</capacity>
</place>
<place id="P4">
<graphics>
<position x="540.0" y="150.0"/>
</graphics>
<name>
<value>p4</value>
<graphics>
<offset x="34.0" y="42.0"/>
</graphics>
</name>
<initialMarking>
<value>Default,</value>
<graphics>
<offset x="0.0" y="0.0"/>
</graphics>
</initialMarking>
<capacity>
<value>0</value>
</capacity>
</place>
<transition id="T1">
<graphics>
<position x="180.0" y="150.0"/>
</graphics>
<name>
<value>t1(x,y)</value>
<graphics>
<offset x="32.0" y="52.0"/>
</graphics>
</name>
<orientation>
<value>0</value>
</orientation>
<guard>
<value>x!=y</value>
</guard>
<effect>
<value/>
</effect>
<rate>
<value>1.0</value>
</rate>
<timed>
<value>true</value>
</timed>
<infiniteServer>
<value>false</value>
</infiniteServer>
<priority>
<value>1</value>
</priority>
</transition>
<transition id="T2">
<graphics>
<position x="420.0" y="150.0"/>
</graphics>
<name>
<value>t2(y,x)</value>
<graphics>
<offset x="50.0" y="45.0"/>
</graphics>
</name>
<orientation>
<value>0</value>
</orientation>
<guard>
<value>z=x+y</value>
</guard>
<effect>
<value/>
</effect>
<rate>
<value>1.0</value>
</rate>
<timed>
<value>true</value>
</timed>
<infiniteServer>
<value>false</value>
</infiniteServer>
<priority>
<value>1</value>
</priority>
</transition>
<arc id="P1 to T1" source="P1" target="T1">
<graphics/>
<inscription>
<value>Default,x,y</value>
<graphics/>
</inscription>
<tagged>
<value>false</value>
</tagged>
<arcpath id="000" x="142" y="113" curvePoint="false"/>
<arcpath id="001" x="187" y="157" curvePoint="false"/>
<type value="normal"/>
</arc>
<arc id="P2 to T1" source="P2" target="T1">
<graphics/>
<inscription>
<value>Default,x</value>
<graphics/>
</inscription>
<tagged>
<value/>
</tagged>
<arcpath id="000" x="142" y="211" curvePoint="false"/>
<arcpath id="001" x="186" y="167" curvePoint="false"/>
<type value="inhibitor"/>
</arc>
<arc id="P3 to T2" source="P3" target="T2">
<graphics/>
<inscription>
<value>Default,y,x</value>
<graphics/>
</inscription>
<tagged>
<value>false</value>
</tagged>
<arcpath id="000" x="326" y="162" curvePoint="false"/>
<arcpath id="001" x="426" y="162" curvePoint="false"/>
<type value="normal"/>
</arc>
<arc id="T1 to P3" source="T1" target="P3">
<graphics/>
<inscription>
<value>Default,x,y</value>
<graphics/>
</inscription>
<tagged>
<value>false</value>
</tagged>
<arcpath id="000" x="196" y="162" curvePoint="false"/>
<arcpath id="001" x="297" y="162" curvePoint="false"/>
<type value="normal"/>
</arc>
<arc id="T2 to P4" source="T2" target="P4">
<graphics/>
<inscription>
<value>Default,z</value>
<graphics/>
</inscription>
<tagged>
<value>false</value>
</tagged>
<arcpath id="000" x="436" y="162" curvePoint="false"/>
<arcpath id="001" x="537" y="162" curvePoint="false"/>
<type value="normal"/>
</arc>
</net>
</pnml>
