<?xml version="1.0" encoding="iso-8859-1"?>
<pnml>
<net id="Net-One" type="PrT net">
<tokenclass id="Default" enabled="true" red="0" green="0" blue="0"/>
<labels x="25" y="603" width="105" height="22" border="true">
<text>//ENUM OFF, ON</text>
</labels>
<labels x="25" y="325" width="243" height="13" border="true">
<text>CONSTANTS OFF=0, ON=1</text>
</labels>
<labels x="25" y="484" width="235" height="38" border="true">
<text>GOAL light(OFF), switch1(ON), switch2(ON)</text>
</labels>
<labels x="25" y="431" width="235" height="38" border="true">
<text>GOAL light(ON), switch1(ON), switch2(OFF)</text>
</labels>
<labels x="25" y="531" width="235" height="38" border="true">
<text>GOAL light(ON), switch1(ON), switch2(ON)</text>
</labels>
<labels x="25" y="375" width="235" height="38" border="true">
<text>INIT switch1(OFF), light(ON), switch2(OFF)</text>
</labels>
<labels x="25" y="25" width="265" height="26" border="true">
<text>Light with two switches</text>
</labels>
<place id="P1">
<graphics>
<position x="405.0" y="165.0"/>
</graphics>
<name>
<value>light</value>
<graphics>
<offset x="25.0" y="-18.0"/>
</graphics>
</name>
<initialMarking>
<value>Default,</value>
<graphics>
<offset x="0.0" y="0.0"/>
</graphics>
</initialMarking>
<capacity>
<value>0</value>
</capacity>
</place>
<place id="P2">
<graphics>
<position x="60.0" y="165.0"/>
</graphics>
<name>
<value>switch1</value>
<graphics>
<offset x="-5.0" y="35.0"/>
</graphics>
</name>
<initialMarking>
<value>Default,</value>
<graphics>
<offset x="0.0" y="0.0"/>
</graphics>
</initialMarking>
<capacity>
<value>0</value>
</capacity>
</place>
<place id="P3">
<graphics>
<position x="825.0" y="165.0"/>
</graphics>
<name>
<value>switch2</value>
<graphics>
<offset x="41.0" y="51.0"/>
</graphics>
</name>
<initialMarking>
<value>Default,</value>
<graphics>
<offset x="0.0" y="0.0"/>
</graphics>
</initialMarking>
<capacity>
<value>0</value>
</capacity>
</place>
<transition id="T1">
<graphics>
<position x="240.0" y="165.0"/>
</graphics>
<name>
<value>flipSwitch1(x1, x2, y1, y2)</value>
<graphics>
<offset x="112.0" y="82.0"/>
</graphics>
</name>
<orientation>
<value>0</value>
</orientation>
<guard>
<value>x2=ON-x1, y2=ON-y1</value>
</guard>
<effect>
<value/>
</effect>
<rate>
<value>1.0</value>
</rate>
<timed>
<value>true</value>
</timed>
<infiniteServer>
<value>false</value>
</infiniteServer>
<priority>
<value>1</value>
</priority>
</transition>
<transition id="T3">
<graphics>
<position x="585.0" y="165.0"/>
</graphics>
<name>
<value>flipSwitch2(x1, x2, y1, y2)</value>
<graphics>
<offset x="107.0" y="68.0"/>
</graphics>
</name>
<orientation>
<value>0</value>
</orientation>
<guard>
<value>x2=1-x1, y2=1-y1</value>
</guard>
<effect>
<value/>
</effect>
<rate>
<value>1.0</value>
</rate>
<timed>
<value>true</value>
</timed>
<infiniteServer>
<value>false</value>
</infiniteServer>
<priority>
<value>1</value>
</priority>
</transition>
<arc id="P1 to T1" source="P1" target="T1">
<graphics/>
<inscription>
<value>Default,y1</value>
<graphics/>
</inscription>
<tagged>
<value>false</value>
</tagged>
<arcpath id="000" x="406" y="166" curvePoint="false"/>
<arcpath id="001" x="388" y="164" curvePoint="true"/>
<arcpath id="002" x="309" y="161" curvePoint="true"/>
<arcpath id="003" x="257" y="172" curvePoint="false"/>
<type value="normal"/>
</arc>
<arc id="P1 to T3" source="P1" target="T3">
<graphics/>
<inscription>
<value>Default,y1</value>
<graphics/>
</inscription>
<tagged>
<value>false</value>
</tagged>
<arcpath id="000" x="431" y="173" curvePoint="false"/>
<arcpath id="001" x="492" y="162" curvePoint="true"/>
<arcpath id="002" x="564" y="166" curvePoint="true"/>
<arcpath id="003" x="592" y="172" curvePoint="false"/>
<type value="normal"/>
</arc>
<arc id="P2 to T1" source="P2" target="T1">
<graphics/>
<inscription>
<value>Default,x1</value>
<graphics/>
</inscription>
<tagged>
<value>false</value>
</tagged>
<arcpath id="000" x="84" y="169" curvePoint="false"/>
<arcpath id="001" x="142" y="147" curvePoint="true"/>
<arcpath id="002" x="212" y="158" curvePoint="true"/>
<arcpath id="003" x="247" y="172" curvePoint="false"/>
<type value="normal"/>
</arc>
<arc id="P3 to T3" source="P3" target="T3">
<graphics/>
<inscription>
<value>Default,x1</value>
<graphics/>
</inscription>
<tagged>
<value>false</value>
</tagged>
<arcpath id="000" x="823" y="169" curvePoint="false"/>
<arcpath id="001" x="769" y="153" curvePoint="true"/>
<arcpath id="002" x="672" y="162" curvePoint="true"/>
<arcpath id="003" x="602" y="172" curvePoint="false"/>
<type value="normal"/>
</arc>
<arc id="T1 to P1" source="T1" target="P1">
<graphics/>
<inscription>
<value>Default,y2</value>
<graphics/>
</inscription>
<tagged>
<value>false</value>
</tagged>
<arcpath id="000" x="256" y="182" curvePoint="false"/>
<arcpath id="001" x="310" y="216" curvePoint="true"/>
<arcpath id="002" x="372" y="222" curvePoint="true"/>
<arcpath id="003" x="408" y="189" curvePoint="true"/>
<type value="normal"/>
</arc>
<arc id="T1 to P2" source="T1" target="P2">
<graphics/>
<inscription>
<value>Default,x2</value>
<graphics/>
</inscription>
<tagged>
<value>false</value>
</tagged>
<arcpath id="000" x="246" y="182" curvePoint="false"/>
<arcpath id="001" x="199" y="226" curvePoint="true"/>
<arcpath id="002" x="132" y="222" curvePoint="true"/>
<arcpath id="003" x="82" y="187" curvePoint="true"/>
<type value="normal"/>
</arc>
<arc id="T3 to P1" source="T3" target="P1">
<graphics/>
<inscription>
<value>Default,y2</value>
<graphics/>
</inscription>
<tagged>
<value>false</value>
</tagged>
<arcpath id="000" x="591" y="182" curvePoint="false"/>
<arcpath id="001" x="557" y="210" curvePoint="true"/>
<arcpath id="002" x="509" y="225" curvePoint="true"/>
<arcpath id="003" x="462" y="207" curvePoint="true"/>
<arcpath id="004" x="429" y="185" curvePoint="false"/>
<type value="normal"/>
</arc>
<arc id="T3 to P3" source="T3" target="P3">
<graphics/>
<inscription>
<value>Default,x2</value>
<graphics/>
</inscription>
<tagged>
<value>false</value>
</tagged>
<arcpath id="000" x="601" y="182" curvePoint="false"/>
<arcpath id="001" x="702" y="222" curvePoint="true"/>
<arcpath id="002" x="770" y="209" curvePoint="true"/>
<arcpath id="003" x="823" y="183" curvePoint="false"/>
<type value="normal"/>
</arc>
</net>
</pnml>
