<?xml version="1.0" encoding="iso-8859-1"?>
<pnml>
<net id="Net-One" type="PrT net">
<tokenclass id="Default" enabled="true" red="0" green="0" blue="0"/>
<labels x="355" y="119" width="198" height="57" border="false">
<text>INIT 
X(X1), X(X2), X(X3), X(X4),
Y(Y1), Y(Y2), Y(Y3), Y(Y4),
Z(Z1), Z(Z2), Z(Z3)</text>
</labels>
<labels x="22" y="22" width="627" height="26" border="false">
<text>Sequence of transitions: try "Generate Test Tree" using the options "Total order" and "Partial oder", respectively.</text>
</labels>
<place id="P1">
<graphics>
<position x="30.0" y="120.0"/>
</graphics>
<name>
<value>X</value>
<graphics>
<offset x="-5.0" y="35.0"/>
</graphics>
</name>
<initialMarking>
<value>Default,</value>
<graphics>
<offset x="0.0" y="0.0"/>
</graphics>
</initialMarking>
<capacity>
<value>0</value>
</capacity>
</place>
<place id="P2">
<graphics>
<position x="30.0" y="225.0"/>
</graphics>
<name>
<value>Y</value>
<graphics>
<offset x="-5.0" y="35.0"/>
</graphics>
</name>
<initialMarking>
<value>Default,</value>
<graphics>
<offset x="0.0" y="0.0"/>
</graphics>
</initialMarking>
<capacity>
<value>0</value>
</capacity>
</place>
<place id="P3">
<graphics>
<position x="210.0" y="165.0"/>
</graphics>
<name>
<value>XY</value>
<graphics>
<offset x="25.0" y="-7.0"/>
</graphics>
</name>
<initialMarking>
<value>Default,</value>
<graphics>
<offset x="0.0" y="0.0"/>
</graphics>
</initialMarking>
<capacity>
<value>0</value>
</capacity>
</place>
<place id="P4">
<graphics>
<position x="210.0" y="255.0"/>
</graphics>
<name>
<value>Z</value>
<graphics>
<offset x="-5.0" y="35.0"/>
</graphics>
</name>
<initialMarking>
<value>Default,</value>
<graphics>
<offset x="0.0" y="0.0"/>
</graphics>
</initialMarking>
<capacity>
<value>0</value>
</capacity>
</place>
<place id="P5">
<graphics>
<position x="450.0" y="210.0"/>
</graphics>
<name>
<value>XYZ</value>
<graphics>
<offset x="-5.0" y="35.0"/>
</graphics>
</name>
<initialMarking>
<value>Default,</value>
<graphics>
<offset x="0.0" y="0.0"/>
</graphics>
</initialMarking>
<capacity>
<value>0</value>
</capacity>
</place>
<transition id="T1">
<graphics>
<position x="105.0" y="165.0"/>
</graphics>
<name>
<value>T1(x,y)</value>
<graphics>
<offset x="38.0" y="52.0"/>
</graphics>
</name>
<orientation>
<value>0</value>
</orientation>
<guard>
<value/>
</guard>
<effect>
<value/>
</effect>
<rate>
<value>1.0</value>
</rate>
<timed>
<value>true</value>
</timed>
<infiniteServer>
<value>false</value>
</infiniteServer>
<priority>
<value>1</value>
</priority>
</transition>
<transition id="T2">
<graphics>
<position x="330.0" y="210.0"/>
</graphics>
<name>
<value>T2(x,y,z)</value>
<graphics>
<offset x="51.0" y="49.0"/>
</graphics>
</name>
<orientation>
<value>0</value>
</orientation>
<guard>
<value/>
</guard>
<effect>
<value/>
</effect>
<rate>
<value>1.0</value>
</rate>
<timed>
<value>true</value>
</timed>
<infiniteServer>
<value>false</value>
</infiniteServer>
<priority>
<value>1</value>
</priority>
</transition>
<arc id="P1 to T1" source="P1" target="T1">
<graphics/>
<inscription>
<value>Default,x</value>
<graphics/>
</inscription>
<tagged>
<value>false</value>
</tagged>
<arcpath id="000" x="54" y="140" curvePoint="false"/>
<arcpath id="001" x="112" y="172" curvePoint="false"/>
<type value="normal"/>
</arc>
<arc id="P2 to T1" source="P2" target="T1">
<graphics/>
<inscription>
<value>Default,y</value>
<graphics/>
</inscription>
<tagged>
<value>false</value>
</tagged>
<arcpath id="000" x="53" y="227" curvePoint="false"/>
<arcpath id="001" x="111" y="182" curvePoint="false"/>
<type value="normal"/>
</arc>
<arc id="P3 to T2" source="P3" target="T2">
<graphics/>
<inscription>
<value>Default,x,y</value>
<graphics/>
</inscription>
<tagged>
<value>false</value>
</tagged>
<arcpath id="000" x="235" y="182" curvePoint="false"/>
<arcpath id="001" x="337" y="217" curvePoint="false"/>
<type value="normal"/>
</arc>
<arc id="P4 to T2" source="P4" target="T2">
<graphics/>
<inscription>
<value>Default,z</value>
<graphics/>
</inscription>
<tagged>
<value>false</value>
</tagged>
<arcpath id="000" x="236" y="262" curvePoint="false"/>
<arcpath id="001" x="336" y="227" curvePoint="false"/>
<type value="normal"/>
</arc>
<arc id="T1 to P3" source="T1" target="P3">
<graphics/>
<inscription>
<value>Default,x,y</value>
<graphics/>
</inscription>
<tagged>
<value>false</value>
</tagged>
<arcpath id="000" x="121" y="177" curvePoint="false"/>
<arcpath id="001" x="207" y="177" curvePoint="false"/>
<type value="normal"/>
</arc>
<arc id="T2 to P5" source="T2" target="P5">
<graphics/>
<inscription>
<value>Default,x,y,z</value>
<graphics/>
</inscription>
<tagged>
<value>false</value>
</tagged>
<arcpath id="000" x="346" y="222" curvePoint="false"/>
<arcpath id="001" x="447" y="222" curvePoint="false"/>
<type value="normal"/>
</arc>
</net>
</pnml>
