[{"category": [{"category": [], "alias": "embassy", "title": "Ambassad"}, {"category": [], "alias": "libraries", "title": "Bibliotek"}, {"category": [], "alias": "policedepartments", "title": "Polis"}, {"category": [], "alias": "postoffices", "title": "Postkontor"}, {"category": [], "alias": "authorized_postal_representative", "title": "Postombud"}, {"category": [], "alias": "landmarks", "title": "Sev\u00e4rdheter & Landm\u00e4rke"}, {"category": [], "alias": "departmentsofmotorvehicles", "title": "Trafikverket"}], "alias": "publicservicesgovt", "title": "Allm\u00e4nna Tj\u00e4nster & Offentlig Sektor"}, {"category": [{"category": [], "alias": "wedding_planning", "title": "Br\u00f6llopsplanering"}, {"category": [], "alias": "boatcharters", "title": "B\u00e5tcharter"}, {"category": [], "alias": "catering", "title": "Catering"}, {"category": [], "alias": "djs", "title": "DJs"}, {"category": [], "alias": "eventplanning", "title": "Fest- & Eventplanering"}, {"category": [], "alias": "venues", "title": "Fest- & Konferenslokaler"}, {"category": [], "alias": "partysupplies", "title": "Festtillbeh\u00f6r"}, {"category": [], "alias": "photographers", "title": "Fotografer"}, {"category": [], "alias": "hotels", "title": "Hotell"}, {"category": [], "alias": "stationery", "title": "Inbjudningsskort & Tillbeh\u00f6r"}, {"category": [], "alias": "personalchefs", "title": "Privata Kockar"}, {"category": [], "alias": "videographers", "title": "Videofilmare"}], "alias": "eventservices", "title": "Events & Fest"}, {"category": [{"category": [], "alias": "mortgagebrokers", "title": "Bostadsl\u00e5n"}, {"category": [], "alias": "propertymgmt", "title": "Bostadsr\u00e4ttsf\u00f6reningar"}, {"category": [], "alias": "realestatesvcs", "title": "Fastighetssk\u00f6tare"}, {"category": [], "alias": "homestaging", "title": "Homestaging"}, {"category": [], "alias": "apartments", "title": "Hyresr\u00e4ttsv\u00e4rdar"}, {"category": [], "alias": "realestateagents", "title": "M\u00e4klare"}, {"category": [], "alias": "university_housing", "title": "Studentboende"}], "alias": "realestate", "title": "Fastigheter"}, {"category": [{"category": [], "alias": "banks", "title": "Banker"}, {"category": [], "alias": "financialadvising", "title": "Finansr\u00e5dgivning"}, {"category": [], "alias": "insurance", "title": "F\u00f6rs\u00e4kringsbolag"}, {"category": [], "alias": "investing", "title": "Investeringar"}, {"category": [], "alias": "taxservices", "title": "Skattehj\u00e4lp"}, {"category": [], "alias": "paydayloans", "title": "Snabbl\u00e5n"}], "alias": "financialservices", "title": "Finansiella Tj\u00e4nster"}, {"category": [{"category": [], "alias": "servicestations", "title": "Bensinstationer"}, {"category": [], "alias": "autopartssupplies", "title": "Bildelar & Tillbeh\u00f6r"}, {"category": [], "alias": "autoglass", "title": "Bilglas"}, {"category": [], "alias": "car_dealers", "title": "Bilhandlare"}, {"category": [], "alias": "autorepair", "title": "Bilmekaniker & Verkst\u00e4der"}, {"category": [], "alias": "auto_detailing", "title": "Bilrekond"}, {"category": [], "alias": "stereo_installation", "title": "Bilstereoservice"}, {"category": [], "alias": "carwash", "title": "Biltv\u00e4tt"}, {"category": [], "alias": "towing", "title": "Bogsering"}, {"category": [], "alias": "tires", "title": "D\u00e4ck"}, {"category": [], "alias": "bodyshops", "title": "Karosseri"}, {"category": [], "alias": "motorcycledealers", "title": "Motorcykelhandlare"}, {"category": [], "alias": "motorcyclerepair", "title": "Motorcykelreparationer"}, {"category": [], "alias": "parking", "title": "Parkering"}, {"category": [], "alias": "windshieldinstallrepair", "title": "Vindruteservice"}], "alias": "auto", "title": "Fordon"}, {"category": [{"category": [], "alias": "bedbreakfast", "title": "Bed & Breakfast"}, {"category": [], "alias": "carrental", "title": "Biluthyrning"}, {"category": [], "alias": "campgrounds", "title": "Campingplatser"}, {"category": [], "alias": "airports", "title": "Flygplatser"}, {"category": [], "alias": "tours", "title": "Guidade Turer & Sightseeing"}, {"category": [], "alias": "hotels", "title": "Hotell"}, {"category": [], "alias": "rvrental", "title": "Husbilsuthyrning"}, {"category": [], "alias": "guesthouses", "title": "Pensionat"}, {"category": [], "alias": "travelservices", "title": "Resebyr\u00e5er"}, {"category": [], "alias": "vacationrentalagents", "title": "Semesterboende & Stuguthyrning"}, {"category": [], "alias": "skiresorts", "title": "Skidorter"}, {"category": [{"category": [], "alias": "airlines", "title": "Flygbolag"}, {"category": [], "alias": "airport_shuttles", "title": "Flygtransfer"}, {"category": [], "alias": "ferries", "title": "F\u00e4rjor"}, {"category": [], "alias": "publictransport", "title": "Kollektivtrafik"}, {"category": [], "alias": "limos", "title": "Limousiner"}, {"category": [], "alias": "taxis", "title": "Taxi"}], "alias": "transport", "title": "Transport"}, {"category": [], "alias": "hostels", "title": "Vandrarhem"}], "alias": "hotelstravel", "title": "Hotell & Resor"}, {"category": [{"category": [], "alias": "lighting", "title": "Belysning"}, {"category": [], "alias": "contractors", "title": "Byggfirmor"}, {"category": [], "alias": "buildingsupplies", "title": "Byggmaterial"}, {"category": [], "alias": "electricians", "title": "Elektriker"}, {"category": [{"category": [], "alias": "mortgagebrokers", "title": "Bostadsl\u00e5n"}, {"category": [], "alias": "propertymgmt", "title": "Bostadsr\u00e4ttsf\u00f6reningar"}, {"category": [], "alias": "realestatesvcs", "title": "Fastighetssk\u00f6tare"}, {"category": [], "alias": "homestaging", "title": "Homestaging"}, {"category": [], "alias": "apartments", "title": "Hyresr\u00e4ttsv\u00e4rdar"}, {"category": [], "alias": "realestateagents", "title": "M\u00e4klare"}, {"category": [], "alias": "university_housing", "title": "Studentboende"}], "alias": "realestate", "title": "Fastigheter"}, {"category": [], "alias": "movers", "title": "Flyttfirmor"}, {"category": [], "alias": "windowsinstallation", "title": "F\u00f6nsterinstallation"}, {"category": [], "alias": "windowwashing", "title": "F\u00f6nsterputsning"}, {"category": [], "alias": "flooring", "title": "Golvl\u00e4ggare"}, {"category": [], "alias": "handyman", "title": "Hantverkare"}, {"category": [], "alias": "hometheatreinstallation", "title": "Hemmabioinstallation"}, {"category": [], "alias": "home_inspectors", "title": "Husbesiktning"}, {"category": [], "alias": "interiordesign", "title": "Inredning"}, {"category": [], "alias": "isps", "title": "Internetleverant\u00f6rer"}, {"category": [], "alias": "landscapearchitects", "title": "Landskapsarkitekter"}, {"category": [], "alias": "blinds", "title": "Markiser & Persienner"}, {"category": [], "alias": "carpetinstallation", "title": "Mattl\u00e4ggning"}, {"category": [], "alias": "carpeting", "title": "Mattor"}, {"category": [], "alias": "painters", "title": "M\u00e5lare"}, {"category": [], "alias": "locksmiths", "title": "Nycklar & L\u00e5ssmeder"}, {"category": [], "alias": "poolcleaners", "title": "Poolreng\u00f6ring & Underh\u00e5ll"}, {"category": [], "alias": "plumbing", "title": "R\u00f6rmokare"}, {"category": [], "alias": "solarinstallation", "title": "Solcellsinstallation"}, {"category": [], "alias": "homecleaning", "title": "St\u00e4dhj\u00e4lp"}, {"category": [], "alias": "televisionserviceproviders", "title": "TV-Leverant\u00f6rer"}, {"category": [], "alias": "roofing", "title": "Takl\u00e4ggare"}, {"category": [], "alias": "landscaping", "title": "Tr\u00e4dg\u00e5rdsanl\u00e4ggning"}, {"category": [], "alias": "gardeners", "title": "Tr\u00e4dg\u00e5rdsm\u00e4stare"}, {"category": [], "alias": "treeservices", "title": "Tr\u00e4dsk\u00f6tsel"}, {"category": [], "alias": "hvac", "title": "V\u00e4rme, Ventilation & Sanitet (VVS)"}, {"category": [], "alias": "securitysystems", "title": "\u00d6vervakningssystem"}], "alias": "homeservices", "title": "Hus & Hem"}, {"category": [{"category": [], "alias": "petstore", "title": "Djuraff\u00e4rer"}, {"category": [], "alias": "animalshelters", "title": "Djurhem"}, {"category": [{"category": [], "alias": "dogwalkers", "title": "Hundrastning"}, {"category": [], "alias": "groomer", "title": "Husdjursklippning & Trimning"}, {"category": [], "alias": "pet_training", "title": "Husdjurskurser"}, {"category": [], "alias": "pet_sitting", "title": "Husdjurspensionat & Djurvakter"}], "alias": "petservices", "title": "Husdjurstj\u00e4nster"}, {"category": [], "alias": "vet", "title": "Veterin\u00e4rer"}], "alias": "pets", "title": "Husdjur"}, {"category": [{"category": [], "alias": "acupuncture", "title": "Akupunktur"}, {"category": [], "alias": "urgent_care", "title": "Akutv\u00e5rd"}, {"category": [], "alias": "midwives", "title": "Barnmorskor"}, {"category": [], "alias": "saunas", "title": "Bastu"}, {"category": [], "alias": "homehealthcare", "title": "Hemsjukv\u00e5rd"}, {"category": [], "alias": "chiropractors", "title": "Kiropraktorer"}, {"category": [], "alias": "speech_therapists", "title": "Logopeder"}, {"category": [{"category": [], "alias": "allergist", "title": "Allergologer"}, {"category": [], "alias": "naturopathic", "title": "Alternativ- & Komplement\u00e4rmedicin"}, {"category": [], "alias": "audiologist", "title": "Audiolog"}, {"category": [], "alias": "pediatricians", "title": "Barnl\u00e4kare"}, {"category": [], "alias": "familydr", "title": "Familjel\u00e4kare"}, {"category": [], "alias": "fertility", "title": "Fertilitet"}, {"category": [], "alias": "podiatrists", "title": "Fotv\u00e5rdsspecialister"}, {"category": [], "alias": "gastroenterologist", "title": "Gastroenterolog"}, {"category": [], "alias": "gerontologist", "title": "Geriatrik"}, {"category": [], "alias": "dermatology", "title": "Hudl\u00e4kare"}, {"category": [], "alias": "sportsmed", "title": "Idrottsmedicin"}, {"category": [], "alias": "internalmed", "title": "Inv\u00e4rtesmedicin"}, {"category": [], "alias": "cardiology", "title": "Kardiologer"}, {"category": [], "alias": "pulmonologist", "title": "Lungmedicin"}, {"category": [], "alias": "proctologist", "title": "Mag- & Tarmkirurgi"}, {"category": [], "alias": "neurologist", "title": "Neurolog"}, {"category": [], "alias": "obgyn", "title": "Obstretiker & Gynekologer"}, {"category": [], "alias": "oncologist", "title": "Onkologer"}, {"category": [], "alias": "orthopedists", "title": "Ortopeder"}, {"category": [], "alias": "osteopathicphysicians", "title": "Osteopater"}, {"category": [], "alias": "cosmeticsurgeons", "title": "Plastikkirurger"}, {"category": [], "alias": "psychiatrists", "title": "Psykiatriker"}, {"category": [], "alias": "tattooremoval", "title": "Tatueringsborttagning"}, {"category": [], "alias": "opthamalogists", "title": "\u00d6gonspecialister"}, {"category": [], "alias": "earnosethroat", "title": "\u00d6ron, N\u00e4sa & Hals"}], "alias": "physicians", "title": "L\u00e4kare"}, {"category": [], "alias": "medicalspa", "title": "Medispa"}, {"category": [], "alias": "nutritionists", "title": "Nutritionister"}, {"category": [], "alias": "optometrists", "title": "Optometri"}, {"category": [], "alias": "physicaltherapy", "title": "Sjukgymnastik"}, {"category": [], "alias": "hospitals", "title": "Sjukhus"}, {"category": [{"category": [], "alias": "generaldentistry", "title": "Allm\u00e4nna Tandl\u00e4kare"}, {"category": [], "alias": "pediatric_dentists", "title": "Barntandl\u00e4kare"}, {"category": [], "alias": "endodontists", "title": "Endodontister"}, {"category": [], "alias": "cosmeticdentists", "title": "Estetisk Tandv\u00e5rd"}, {"category": [], "alias": "oralsurgeons", "title": "Kirurgisk Tandv\u00e5rd"}, {"category": [], "alias": "orthodontists", "title": "Ortodontister"}, {"category": [], "alias": "periodontists", "title": "Parodontologer"}], "alias": "dentists", "title": "Tandl\u00e4kare"}, {"category": [], "alias": "c_and_mh", "title": "Terapi & Mental H\u00e4lsa"}, {"category": [], "alias": "tcm", "title": "Traditionell Kinesisk Medicin"}, {"category": [], "alias": "weightlosscenters", "title": "Viktminskningscenter"}, {"category": [], "alias": "medcenters", "title": "V\u00e5rdcentraler"}, {"category": [], "alias": "retirement_homes", "title": "\u00c4ldreboenden"}, {"category": [], "alias": "laserlasikeyes", "title": "\u00d6gonlaser"}], "alias": "health", "title": "H\u00e4lsa & Medicin"}, {"category": [{"category": [], "alias": "movietheaters", "title": "Bio"}, {"category": [], "alias": "gardens", "title": "Botaniska Tr\u00e4dg\u00e5rdar"}, {"category": [], "alias": "festivals", "title": "Festivaler"}, {"category": [], "alias": "stadiumsarenas", "title": "Idrottsplatser & Arenor"}, {"category": [], "alias": "jazzandblues", "title": "Jazz & Blues"}, {"category": [], "alias": "casinos", "title": "Kasinon"}, {"category": [], "alias": "galleries", "title": "Konstgallerier"}, {"category": [], "alias": "psychic_astrology", "title": "Medium & Astrologer"}, {"category": [], "alias": "museums", "title": "Museer"}, {"category": [], "alias": "musicvenues", "title": "Musikklubbar & Scener"}, {"category": [], "alias": "opera", "title": "Opera & Ballet"}, {"category": [], "alias": "sportsteams", "title": "Proffsidrottslag"}, {"category": [], "alias": "castles", "title": "Slott"}, {"category": [], "alias": "arcades", "title": "Spelhallar"}, {"category": [], "alias": "social_clubs", "title": "S\u00e4llskapsklubbar"}, {"category": [], "alias": "theater", "title": "Teater"}, {"category": [], "alias": "wineries", "title": "Vinerier"}], "alias": "arts", "title": "Kultur & N\u00f6je"}, {"category": [], "alias": "localflavor", "title": "Lokala P\u00e4rlor"}, {"category": [{"category": [], "alias": "junkremovalandhauling", "title": "Avfallshantering & Soph\u00e4mtning"}, {"category": [], "alias": "childcare", "title": "Barnomsorg"}, {"category": [], "alias": "funeralservices", "title": "Begravningsplatser & Begravningsbyr\u00e5er"}, {"category": [], "alias": "couriers", "title": "Bud & Transport"}, {"category": [], "alias": "electronicsrepair", "title": "Elektronikreparationer"}, {"category": [], "alias": "youth_club", "title": "Fritidsg\u00e5rdar"}, {"category": [], "alias": "homeappliancerepair", "title": "Hush\u00e5llselektronik & Reparationer"}, {"category": [], "alias": "itservices", "title": "IT-Tj\u00e4nster & Datorservice"}, {"category": [], "alias": "nonprofit", "title": "Ideellt arbete"}, {"category": [], "alias": "recording_studios", "title": "Inspelningsstudior & Replokaler"}, {"category": [], "alias": "selfstorage", "title": "Magasinering"}, {"category": [], "alias": "carpet_cleaning", "title": "Mattv\u00e4tt"}, {"category": [], "alias": "screenprinting", "title": "Screentryck"}, {"category": [], "alias": "pest_control", "title": "Skadedjursbek\u00e4mpning"}, {"category": [], "alias": "shoerepair", "title": "Skomakare"}, {"category": [], "alias": "snowremoval", "title": "Sn\u00f6r\u00f6jning"}, {"category": [], "alias": "sewingalterations", "title": "S\u00f6mmerskor & Skr\u00e4ddare"}, {"category": [], "alias": "reupholstery", "title": "Tapetserare"}, {"category": [], "alias": "copyshops", "title": "Tryckerier"}, {"category": [], "alias": "drycleaninglaundry", "title": "Tv\u00e4tt & Kemtv\u00e4tt"}, {"category": [], "alias": "watch_repair", "title": "Urmakare"}, {"category": [], "alias": "recyclingcenter", "title": "\u00c5tervinningscentral"}], "alias": "localservices", "title": "Lokala Tj\u00e4nster"}, {"category": [{"category": [], "alias": "radiostations", "title": "Radiostationer"}, {"category": [], "alias": "televisionstations", "title": "TV-stationer"}, {"category": [], "alias": "printmedia", "title": "Tidningsredaktioner"}], "alias": "massmedia", "title": "Massmedia"}, {"category": [{"category": [], "alias": "bagels", "title": "Bagels"}, {"category": [], "alias": "bakeries", "title": "Bagerier"}, {"category": [], "alias": "breweries", "title": "Bryggerier"}, {"category": [], "alias": "butcher", "title": "Charkuterier"}, {"category": [], "alias": "delicatessen", "title": "Delikatesser"}, {"category": [], "alias": "desserts", "title": "Efterr\u00e4tter"}, {"category": [], "alias": "organic_stores", "title": "Ekologiska Butiker"}, {"category": [], "alias": "streetvendors", "title": "Gatuk\u00f6k"}, {"category": [], "alias": "icecream", "title": "Glass & Yoghurtglass"}, {"category": [{"category": [], "alias": "chocolate", "title": "Chokladfabriker & Butiker"}, {"category": [], "alias": "ethnicmarkets", "title": "Etnisk Mat"}, {"category": [], "alias": "seafoodmarkets", "title": "Fiskmarknader"}, {"category": [], "alias": "markets", "title": "Frukt & Gr\u00f6nsaker"}, {"category": [], "alias": "candy", "title": "Godisaff\u00e4rer"}, {"category": [], "alias": "healthmarkets", "title": "H\u00e4lsokostaff\u00e4rer"}, {"category": [], "alias": "meats", "title": "K\u00f6ttaff\u00e4rer"}, {"category": [], "alias": "cheese", "title": "Ostaff\u00e4rer"}, {"category": [], "alias": "herbsandspices", "title": "\u00d6rter & Kryddor"}], "alias": "gourmet", "title": "Gourmet & Delikatesser"}, {"category": [], "alias": "internetcafe", "title": "Internetcaf\u00e9er"}, {"category": [], "alias": "juicebars", "title": "Juicebarer & Smoothies"}, {"category": [], "alias": "coffee", "title": "Kaffe & Te"}, {"category": [], "alias": "kiosk", "title": "Kiosk"}, {"category": [], "alias": "grocery", "title": "Livsmedel"}, {"category": [], "alias": "fooddeliveryservices", "title": "Matleverans"}, {"category": [], "alias": "convenience", "title": "N\u00e4rbutiker"}, {"category": [], "alias": "farmersmarket", "title": "Saluhallar & Marknader"}, {"category": [], "alias": "tea", "title": "Tesalonger"}, {"category": [], "alias": "wineries", "title": "Vinerier"}, {"category": [], "alias": "beer_and_wine", "title": "\u00d6l, Vin & Sprit"}], "alias": "food", "title": "Mat"}, {"category": [{"category": [{"category": [], "alias": "champagne_bars", "title": "Champagnebarer"}, {"category": [], "alias": "cocktailbars", "title": "Cocktailbarer"}, {"category": [], "alias": "gaybars", "title": "Gaybarer"}, {"category": [], "alias": "hookah_bars", "title": "Hookahbarer"}, {"category": [], "alias": "hotel_bar", "title": "Hotellbarer"}, {"category": [], "alias": "irish_pubs", "title": "Irl\u00e4ndska Pubar"}, {"category": [], "alias": "divebars", "title": "Kvarterskrogar"}, {"category": [], "alias": "lounges", "title": "Lounger"}, {"category": [], "alias": "pubs", "title": "Pubar"}, {"category": [], "alias": "sportsbars", "title": "Sportbarer"}, {"category": [], "alias": "beachbars", "title": "Strandbarer"}, {"category": [], "alias": "wine_bars", "title": "Vinbarer"}], "alias": "bars", "title": "Barer"}, {"category": [], "alias": "poolhalls", "title": "Biljardhallar"}, {"category": [], "alias": "jazzandblues", "title": "Jazz & Blues"}, {"category": [], "alias": "karaoke", "title": "Karaoke"}, {"category": [], "alias": "musicvenues", "title": "Musikklubbar & Scener"}, {"category": [], "alias": "danceclubs", "title": "Nattklubbar"}, {"category": [], "alias": "comedyclubs", "title": "St\u00e5uppkomik"}, {"category": [], "alias": "adultentertainment", "title": "Vuxenunderh\u00e5llning"}], "alias": "nightlife", "title": "Nattliv"}, {"category": [{"category": [], "alias": "buddhist_temples", "title": "Buddhisttempel"}, {"category": [], "alias": "hindu_temples", "title": "Hindutempel"}, {"category": [], "alias": "churches", "title": "Kyrkor"}, {"category": [], "alias": "mosques", "title": "Mosk\u00e9er"}, {"category": [], "alias": "synagogues", "title": "Synagogor"}], "alias": "religiousorgs", "title": "Religi\u00f6sa Samfund"}, {"category": [{"category": [], "alias": "afghani", "title": "Afganskt"}, {"category": [], "alias": "african", "title": "Afrikanskt"}, {"category": [], "alias": "southern", "title": "Amerikanska S\u00f6dern"}, {"category": [], "alias": "tradamerican", "title": "Amerikanskt"}, {"category": [], "alias": "argentine", "title": "Argentiskt"}, {"category": [], "alias": "asianfusion", "title": "Asian Fusion"}, {"category": [], "alias": "basque", "title": "Baskiskt"}, {"category": [], "alias": "belgian", "title": "Belgiskt"}, {"category": [], "alias": "bistros", "title": "Bistros"}, {"category": [], "alias": "brazilian", "title": "Brasilianskt"}, {"category": [], "alias": "brasseries", "title": "Brasserier"}, {"category": [], "alias": "british", "title": "Brittiskt"}, {"category": [], "alias": "buffets", "title": "Buff\u00e9er"}, {"category": [], "alias": "burmese", "title": "Burmesiskt"}, {"category": [], "alias": "canteen", "title": "Cafeteria"}, {"category": [], "alias": "cafes", "title": "Caf\u00e9er"}, {"category": [], "alias": "cajun", "title": "Cajun"}, {"category": [], "alias": "creperies", "title": "Cr\u00eaperier"}, {"category": [], "alias": "ethiopian", "title": "Etiopiskt"}, {"category": [], "alias": "modern_european", "title": "Europeiskt"}, {"category": [], "alias": "filipino", "title": "Filippinskt"}, {"category": [], "alias": "fishnchips", "title": "Fish & Chips"}, {"category": [], "alias": "seafood", "title": "Fisk & Skaldjur"}, {"category": [], "alias": "fondue", "title": "Fondue"}, {"category": [], "alias": "food_court", "title": "Food Court"}, {"category": [], "alias": "french", "title": "Franskt"}, {"category": [], "alias": "breakfast_brunch", "title": "Frukost & Brunch"}, {"category": [], "alias": "gastropubs", "title": "Gastropubar"}, {"category": [], "alias": "gluten_free", "title": "Glutenfritt"}, {"category": [], "alias": "greek", "title": "Grekiskt"}, {"category": [], "alias": "bbq", "title": "Grillning"}, {"category": [], "alias": "halal", "title": "Halal"}, {"category": [], "alias": "burgers", "title": "Hamburgare"}, {"category": [], "alias": "hawaiian", "title": "Hawaiianskt"}, {"category": [], "alias": "traditional_swedish", "title": "Husmanskost"}, {"category": [], "alias": "indpak", "title": "Indiskt"}, {"category": [], "alias": "indonesian", "title": "Indonesiskt"}, {"category": [], "alias": "irish", "title": "Irl\u00e4ndskt"}, {"category": [], "alias": "italian", "title": "Italienskt"}, {"category": [], "alias": "japanese", "title": "Japanskt"}, {"category": [], "alias": "cambodian", "title": "Kambodjanskt"}, {"category": [], "alias": "caribbean", "title": "Karibiskt"}, {"category": [], "alias": "kebab", "title": "Kebab"}, {"category": [{"category": [], "alias": "dimsum", "title": "Dumplings"}], "alias": "chinese", "title": "Kinesiskt"}, {"category": [], "alias": "korean", "title": "Koreanskt"}, {"category": [], "alias": "kosher", "title": "Kosher"}, {"category": [], "alias": "cuban", "title": "Kubanskt"}, {"category": [], "alias": "kurdish", "title": "Kurdiskt"}, {"category": [], "alias": "latin", "title": "Latinamerikanskt"}, {"category": [], "alias": "lebanese", "title": "Libanesiskt"}, {"category": [], "alias": "malaysian", "title": "Malaysiskt"}, {"category": [], "alias": "moroccan", "title": "Marockanskt"}, {"category": [], "alias": "foodstands", "title": "Matst\u00e5nd"}, {"category": [], "alias": "mediterranean", "title": "Medelhavet"}, {"category": [], "alias": "mideastern", "title": "Mellan\u00f6stern"}, {"category": [], "alias": "mexican", "title": "Mexikanskt"}, {"category": [], "alias": "mongolian", "title": "Mongoliskt"}, {"category": [], "alias": "himalayan", "title": "Nepalesiskt"}, {"category": [], "alias": "pakistani", "title": "Pakistanskt"}, {"category": [], "alias": "persian", "title": "Persiskt/Iranskt"}, {"category": [], "alias": "peruvian", "title": "Peruanskt"}, {"category": [], "alias": "pizza", "title": "Pizza"}, {"category": [], "alias": "polish", "title": "Polskt"}, {"category": [], "alias": "portuguese", "title": "Portugisiskt"}, {"category": [], "alias": "russian", "title": "Ryskt"}, {"category": [], "alias": "raw_food", "title": "R\u00e5kost"}, {"category": [], "alias": "salad", "title": "Sallad"}, {"category": [], "alias": "singaporean", "title": "Singaporeanskt"}, {"category": [], "alias": "scandinavian", "title": "Skandinaviskt"}, {"category": [], "alias": "island_pub", "title": "Sk\u00e4rg\u00e5rdskrogar"}, {"category": [], "alias": "tapasmallplates", "title": "Sm\u00e5r\u00e4tter"}, {"category": [], "alias": "sandwiches", "title": "Sm\u00f6rg\u00e5sar"}, {"category": [], "alias": "hotdogs", "title": "Snabbmat"}, {"category": [], "alias": "soup", "title": "Soppa"}, {"category": [], "alias": "soulfood", "title": "Soul Food"}, {"category": [], "alias": "spanish", "title": "Spanskt"}, {"category": [], "alias": "steak", "title": "Steakhouses"}, {"category": [], "alias": "sushi", "title": "Sushi"}, {"category": [], "alias": "swedish", "title": "Svenskt"}, {"category": [], "alias": "taiwanese", "title": "Taiwanesiskt"}, {"category": [], "alias": "tapas", "title": "Tapas"}, {"category": [], "alias": "tex-mex", "title": "Tex-Mex"}, {"category": [], "alias": "thai", "title": "Thai"}, {"category": [], "alias": "chech", "title": "Tjeckiskt"}, {"category": [], "alias": "turkish", "title": "Turkiskt"}, {"category": [], "alias": "german", "title": "Tyskt"}, {"category": [], "alias": "ukrainian", "title": "Ukrainskt"}, {"category": [], "alias": "hungarian", "title": "Ungerskt"}, {"category": [], "alias": "hotdog", "title": "Varmkorv"}, {"category": [], "alias": "vegan", "title": "Veganskt"}, {"category": [], "alias": "vegetarian", "title": "Vegetariskt"}, {"category": [], "alias": "vietnamese", "title": "Vietnamesiskt"}, {"category": [], "alias": "wok", "title": "Wok"}, {"category": [], "alias": "wraps", "title": "Wraps"}], "alias": "restaurants", "title": "Restauranger"}, {"category": [{"category": [], "alias": "thrift_stores", "title": "Andrahandsaff\u00e4rer"}, {"category": [], "alias": "usedbooks", "title": "Antikvariat"}, {"category": [], "alias": "antiques", "title": "Antikviteter"}, {"category": [], "alias": "drugstores", "title": "Apotek"}, {"category": [], "alias": "adult", "title": "Barnf\u00f6rbjudet"}, {"category": [], "alias": "baby_gear", "title": "Bebissaker"}, {"category": [], "alias": "tickets", "title": "Biljetter"}, {"category": [{"category": [], "alias": "florists", "title": "Florister"}, {"category": [], "alias": "stationery", "title": "Inbjudningsskort & Tillbeh\u00f6r"}], "alias": "flowers", "title": "Blommor & Presenter"}, {"category": [], "alias": "bridal", "title": "Brudbutiker"}, {"category": [{"category": [], "alias": "bookstores", "title": "Bokhandlare"}, {"category": [], "alias": "mags", "title": "Dagstidningar & Veckotidningar"}, {"category": [], "alias": "videoandgames", "title": "Film- & TV-Spelsuthyrning"}, {"category": [], "alias": "musicvideo", "title": "Musik & DVD"}, {"category": [], "alias": "comicbooks", "title": "Serietidningar"}, {"category": [], "alias": "vinyl_records", "title": "Vinylskivor"}], "alias": "media", "title": "B\u00f6cker, Tidningar, Musik & Video"}, {"category": [], "alias": "computers", "title": "Datorer"}, {"category": [], "alias": "electronics", "title": "Elektronik"}, {"category": [], "alias": "photographystores", "title": "Fotoaff\u00e4rer"}, {"category": [], "alias": "opticians", "title": "Glas\u00f6gon & Optiker"}, {"category": [], "alias": "wholesale_stores", "title": "Grossister"}, {"category": [{"category": [], "alias": "hottubandpool", "title": "Bass\u00e4nger & Badtunnor"}, {"category": [], "alias": "homedecor", "title": "Heminredning"}, {"category": [], "alias": "hardware", "title": "J\u00e4rnaff\u00e4rer"}, {"category": [], "alias": "kitchenandbath", "title": "K\u00f6k & Badrum"}, {"category": [], "alias": "mattresses", "title": "Madrasser"}, {"category": [], "alias": "furniture", "title": "M\u00f6belaff\u00e4rer"}, {"category": [], "alias": "gardening", "title": "Plantskolor & Tr\u00e4dg\u00e5rdssk\u00f6tsel"}, {"category": [], "alias": "appliances", "title": "Redskap & Verktyg"}], "alias": "homeandgarden", "title": "Hem & Tr\u00e4dg\u00e5rd"}, {"category": [], "alias": "hobbyshops", "title": "Hobbyaff\u00e4rer"}, {"category": [], "alias": "kiosk", "title": "Kiosk"}, {"category": [], "alias": "watches", "title": "Klockor"}, {"category": [{"category": [], "alias": "costumes", "title": "Dr\u00e4kter & Utkl\u00e4dnad"}, {"category": [], "alias": "stationery", "title": "Inbjudningsskort & Tillbeh\u00f6r"}, {"category": [], "alias": "framing", "title": "Inramning"}, {"category": [], "alias": "artsupplies", "title": "Konstn\u00e4rsmaterial"}, {"category": [], "alias": "fabricstores", "title": "Tygaff\u00e4rer"}], "alias": "artsandcrafts", "title": "Konst & Hantverk"}, {"category": [], "alias": "galleries", "title": "Konstgallerier"}, {"category": [], "alias": "officeequipment", "title": "Kontorsmateriel"}, {"category": [], "alias": "cosmetics", "title": "Kosmetika & Sk\u00f6nhet"}, {"category": [], "alias": "toys", "title": "Leksaksaff\u00e4rer"}, {"category": [], "alias": "fleamarkets", "title": "Loppmarknader"}, {"category": [], "alias": "discountstore", "title": "L\u00e5gprisbutiker"}, {"category": [], "alias": "mobilephones", "title": "Mobiltelefoner"}, {"category": [{"category": [], "alias": "accessories", "title": "Accessoarer"}, {"category": [], "alias": "swimwear", "title": "Badkl\u00e4der"}, {"category": [], "alias": "childcloth", "title": "Barnkl\u00e4der"}, {"category": [], "alias": "womenscloth", "title": "Damkl\u00e4der"}, {"category": [], "alias": "menscloth", "title": "Herrkl\u00e4der"}, {"category": [], "alias": "sportswear", "title": "Idrottskl\u00e4der"}, {"category": [], "alias": "leather", "title": "L\u00e4dervaror"}, {"category": [], "alias": "maternity", "title": "Mammakl\u00e4der"}, {"category": [], "alias": "vintage", "title": "Secondhand & Vintage"}, {"category": [], "alias": "shoes", "title": "Skoaff\u00e4rer"}, {"category": [], "alias": "lingerie", "title": "Underkl\u00e4der"}, {"category": [], "alias": "deptstores", "title": "Varuhus"}], "alias": "fashion", "title": "Mode"}, {"category": [], "alias": "musicalinstrumentsandteachers", "title": "Musikinstrument & Musikl\u00e4rare"}, {"category": [], "alias": "outlet_stores", "title": "Outlets"}, {"category": [], "alias": "pawn", "title": "Pantbanker"}, {"category": [], "alias": "perfume", "title": "Parfym"}, {"category": [], "alias": "personal_shopping", "title": "Personlig Shopping"}, {"category": [], "alias": "shoppingcenters", "title": "Shoppingcenter"}, {"category": [], "alias": "jewelry", "title": "Smycken"}, {"category": [], "alias": "souvenirs", "title": "Souveniraff\u00e4rer"}, {"category": [{"category": [], "alias": "bikes", "title": "Cyklar"}, {"category": [], "alias": "outdoorgear", "title": "Friluftsutrustning"}, {"category": [], "alias": "sportswear", "title": "Idrottskl\u00e4der"}], "alias": "sportgoods", "title": "Sportutrustning"}, {"category": [], "alias": "knittingsupplies", "title": "Sy & Sticktillbeh\u00f6r"}, {"category": [], "alias": "tobaccoshops", "title": "Tobaksaff\u00e4rer"}, {"category": [], "alias": "deptstores", "title": "Varuhus"}, {"category": [], "alias": "luggage", "title": "V\u00e4skor"}], "alias": "shopping", "title": "Shopping"}, {"category": [{"category": [], "alias": "barbers", "title": "Barberare"}, {"category": [], "alias": "spas", "title": "Dagspan"}, {"category": [], "alias": "hair", "title": "Fris\u00f6rsalonger"}, {"category": [], "alias": "skincare", "title": "Hudv\u00e5rd"}, {"category": [{"category": [], "alias": "laser_hair_removal", "title": "Laserbehandlingar"}], "alias": "hairremoval", "title": "H\u00e5rborttagning"}, {"category": [], "alias": "cosmetics", "title": "Kosmetika & Sk\u00f6nhet"}, {"category": [], "alias": "makeupartists", "title": "Makeupartister"}, {"category": [], "alias": "massage", "title": "Massage"}, {"category": [], "alias": "medicalspa", "title": "Medispa"}, {"category": [], "alias": "othersalons", "title": "Nagelsalonger"}, {"category": [], "alias": "perfume", "title": "Parfym"}, {"category": [], "alias": "piercing", "title": "Piercing"}, {"category": [], "alias": "tanning", "title": "Solarium"}, {"category": [], "alias": "tattoo", "title": "Tatueringar"}, {"category": [], "alias": "eyelashservice", "title": "\u00d6gonfransf\u00f6rl\u00e4ngning"}], "alias": "beautysvc", "title": "Sk\u00f6nhet"}, {"category": [{"category": [], "alias": "aquariums", "title": "Akvarier"}, {"category": [], "alias": "bathing_area", "title": "Badplatser"}, {"category": [], "alias": "lawn_bowling", "title": "Boule"}, {"category": [], "alias": "bowling", "title": "Bowling"}, {"category": [], "alias": "archery", "title": "B\u00e5gskytte"}, {"category": [], "alias": "boating", "title": "B\u00e5tsport"}, {"category": [], "alias": "bikerentals", "title": "Cykeluthyrning"}, {"category": [], "alias": "zoos", "title": "Djurparker"}, {"category": [{"category": [], "alias": "freediving", "title": "Fridykning"}, {"category": [], "alias": "scuba", "title": "Sportdykning"}], "alias": "diving", "title": "Dykning"}, {"category": [], "alias": "skydiving", "title": "Fallsk\u00e4rmshopp"}, {"category": [], "alias": "fishing", "title": "Fiske"}, {"category": [{"category": [], "alias": "dancestudio", "title": "Dansstudior"}, {"category": [], "alias": "gyms", "title": "Gym"}, {"category": [], "alias": "martialarts", "title": "Kampsport"}, {"category": [], "alias": "healthtrainers", "title": "Personliga Tr\u00e4nare"}, {"category": [], "alias": "pilates", "title": "Pilates"}, {"category": [], "alias": "swimminglessons", "title": "Simskolor & Simlektioner"}, {"category": [], "alias": "taichi", "title": "Tai Chi"}, {"category": [], "alias": "yoga", "title": "Yoga"}], "alias": "fitness", "title": "Fitness"}, {"category": [], "alias": "rafting", "title": "Forsr\u00e4nning & Kajakpaddling"}, {"category": [], "alias": "football", "title": "Fotboll"}, {"category": [], "alias": "discgolf", "title": "Frisbeegolf"}, {"category": [], "alias": "leisure_centers", "title": "Fritidscenter"}, {"category": [], "alias": "gokarts", "title": "Gokart"}, {"category": [], "alias": "golf", "title": "Golf"}, {"category": [], "alias": "gliding", "title": "H\u00e4ngflygning"}, {"category": [], "alias": "horseracing", "title": "H\u00e4stkappl\u00f6pning"}, {"category": [], "alias": "sports_clubs", "title": "Idrottsklubbar"}, {"category": [], "alias": "climbing", "title": "Kl\u00e4ttring"}, {"category": [], "alias": "amateursportsteams", "title": "Korpen & Amat\u00f6rlag"}, {"category": [], "alias": "playgrounds", "title": "Lekparker"}, {"category": [], "alias": "mini_golf", "title": "Minigolf"}, {"category": [], "alias": "mountainbiking", "title": "Mountainbikecykling"}, {"category": [], "alias": "amusementparks", "title": "N\u00f6jesparker"}, {"category": [{"category": [], "alias": "dog_parks", "title": "Hundparker"}, {"category": [], "alias": "skate_parks", "title": "Skateboardparker"}], "alias": "parks", "title": "Parker & Torg"}, {"category": [], "alias": "recreation", "title": "Rekreationsomr\u00e5den"}, {"category": [], "alias": "horsebackriding", "title": "Ridning"}, {"category": [], "alias": "sailing", "title": "Segling"}, {"category": [], "alias": "swimmingpools", "title": "Simbass\u00e4nger"}, {"category": [], "alias": "lakes", "title": "Sj\u00f6ar"}, {"category": [], "alias": "skiing", "title": "Skid\u00e5kning"}, {"category": [], "alias": "gun_ranges", "title": "Skjutbanor"}, {"category": [], "alias": "skatingrinks", "title": "Skridskobanor"}, {"category": [], "alias": "summer_camps", "title": "Sommarl\u00e4ger"}, {"category": [], "alias": "beaches", "title": "Str\u00e4nder"}, {"category": [], "alias": "tennis", "title": "Tennis"}, {"category": [], "alias": "experiences", "title": "Upplevelser"}, {"category": [], "alias": "hiking", "title": "Vandring"}, {"category": [], "alias": "hot_air_balloons", "title": "Varmluftsballonger"}], "alias": "active", "title": "Sport & Fritid"}, {"category": [{"category": [], "alias": "preschools", "title": "F\u00f6rskolor"}, {"category": [], "alias": "elementaryschools", "title": "Grundskolor"}, {"category": [], "alias": "highschools", "title": "Gymnasieskolor"}, {"category": [], "alias": "tutoring", "title": "Handledningscenter"}, {"category": [], "alias": "privatetutors", "title": "Privatl\u00e4rare"}, {"category": [], "alias": "privateschools", "title": "Privatskolor"}, {"category": [], "alias": "testprep", "title": "Provf\u00f6rberedelser"}, {"category": [{"category": [], "alias": "dance_schools", "title": "Dansskolor"}, {"category": [], "alias": "flightinstruction", "title": "Flyglektioner"}, {"category": [], "alias": "artschools", "title": "Konstskolor"}, {"category": [], "alias": "cosmetology_schools", "title": "Kosmetologutbildningar"}, {"category": [], "alias": "driving_schools", "title": "K\u00f6rskolor"}, {"category": [], "alias": "massage_schools", "title": "Massageutbildningar"}, {"category": [], "alias": "cookingschools", "title": "Matlagningskurser"}, {"category": [], "alias": "swimminglessons", "title": "Simskolor & Simlektioner"}, {"category": [], "alias": "language_schools", "title": "Spr\u00e5kskolor"}, {"category": [], "alias": "vocation", "title": "Yrkesskolor"}], "alias": "specialtyschools", "title": "Specialinriktade Skolor"}, {"category": [], "alias": "specialed", "title": "Specialpedagogik"}, {"category": [], "alias": "collegeuniv", "title": "Universitet & H\u00f6gskolor"}, {"category": [], "alias": "educationservices", "title": "Utbildningstj\u00e4nster"}, {"category": [], "alias": "adultedu", "title": "Vuxenutbildning"}], "alias": "education", "title": "Utbildning"}, {"category": [{"category": [{"category": [], "alias": "employmentlawyers", "title": "Arbetsr\u00e4tt"}, {"category": [], "alias": "realestatelawyers", "title": "Fastighetsadvokater"}, {"category": [], "alias": "criminaldefense", "title": "F\u00f6rsvarsadvokater"}, {"category": [], "alias": "bankruptcy", "title": "Konkursjurister"}, {"category": [], "alias": "immigrationlawyers", "title": "Migrationsr\u00e4tt"}, {"category": [], "alias": "personal_injury", "title": "Personskadeadvokater"}, {"category": [], "alias": "divorce", "title": "Skilsm\u00e4ssa & Familjejuridik"}, {"category": [], "alias": "general_litigation", "title": "Tvistem\u00e5l"}], "alias": "lawyers", "title": "Advokater"}, {"category": [], "alias": "employmentagencies", "title": "Arbetsf\u00f6rmedlingar & Bemanningsf\u00f6retag"}, {"category": [], "alias": "architects", "title": "Arkitekter"}, {"category": [], "alias": "accountants", "title": "Bokf\u00f6ring & Redovisning"}, {"category": [], "alias": "boatrepair", "title": "B\u00e5treparationer"}, {"category": [], "alias": "graphicdesign", "title": "Grafisk Design"}, {"category": [], "alias": "isps", "title": "Internetleverant\u00f6rer"}, {"category": [], "alias": "officecleaning", "title": "Kontorsst\u00e4dning"}, {"category": [], "alias": "lifecoach", "title": "Livscoacher"}, {"category": [], "alias": "marketing", "title": "Marknadsf\u00f6ring"}, {"category": [], "alias": "publicrelations", "title": "PR"}, {"category": [], "alias": "privateinvestigation", "title": "Privatdetektiver"}, {"category": [], "alias": "advertising", "title": "Reklam"}, {"category": [], "alias": "videofilmproductions", "title": "Video- & Filmproduktion"}, {"category": [], "alias": "web_design", "title": "Webbdesign"}, {"category": [], "alias": "careercounseling", "title": "Yrkesr\u00e5dgivning"}], "alias": "professional", "title": "Yrkestj\u00e4nster"}]