<?xml version="1.0" encoding="iso-8859-1"?>
<pnml>
<net id="Net-One" type="PrT net">
<tokenclass id="Default" enabled="true" red="0" green="0" blue="0"/>
<labels x="21" y="576" width="417" height="14" border="true">
<text>GOAL clear(2), clear(5), on(2, 6), on(5, 3), ontable(3), ontable(6)</text>
</labels>
<labels x="21" y="542" width="417" height="21" border="true">
<text>GOAL clear(3), clear(6), on(6, 1), ontable(1), ontable(3)</text>
</labels>
<labels x="21" y="506" width="417" height="20" border="true">
<text>GOAL clear(6), on(6, 3), ontable(3)</text>
</labels>
<labels x="21" y="423" width="418" height="14" border="true">
<text>INIT clear(1), clear(6), on(1, 3), handempty, ontable(3), ontable(6)</text>
</labels>
<labels x="21" y="456" width="417" height="14" border="true">
<text>INIT clear(2), clear(5), on(2, 3), on(5, 6), handempty, ontable(3), ontable(6)</text>
</labels>
<place id="clear">
<graphics>
<position x="420.0" y="195.0"/>
</graphics>
<name>
<value>clear</value>
<graphics>
<offset x="67.0" y="5.0"/>
</graphics>
</name>
<initialMarking>
<value>Default,(3), (6)</value>
<graphics>
<offset x="0.0" y="0.0"/>
</graphics>
</initialMarking>
<capacity>
<value>0</value>
</capacity>
</place>
<place id="handempty">
<graphics>
<position x="225.0" y="120.0"/>
</graphics>
<name>
<value>handempty</value>
<graphics>
<offset x="50.0" y="-10.0"/>
</graphics>
</name>
<initialMarking>
<value>Default,()</value>
<graphics>
<offset x="0.0" y="0.0"/>
</graphics>
</initialMarking>
<capacity>
<value>0</value>
</capacity>
</place>
<place id="holding">
<graphics>
<position x="225.0" y="270.0"/>
</graphics>
<name>
<value>holding</value>
<graphics>
<offset x="32.0" y="46.0"/>
</graphics>
</name>
<initialMarking>
<value>Default,</value>
<graphics>
<offset x="0.0" y="0.0"/>
</graphics>
</initialMarking>
<capacity>
<value>0</value>
</capacity>
</place>
<place id="on">
<graphics>
<position x="345.0" y="195.0"/>
</graphics>
<name>
<value>on</value>
<graphics>
<offset x="3.0" y="9.0"/>
</graphics>
</name>
<initialMarking>
<value>Default,</value>
<graphics>
<offset x="0.0" y="0.0"/>
</graphics>
</initialMarking>
<capacity>
<value>0</value>
</capacity>
</place>
<place id="ontable">
<graphics>
<position x="90.0" y="195.0"/>
</graphics>
<name>
<value>ontable</value>
<graphics>
<offset x="-4.0" y="-1.0"/>
</graphics>
</name>
<initialMarking>
<value>Default,(3), (6)</value>
<graphics>
<offset x="0.0" y="0.0"/>
</graphics>
</initialMarking>
<capacity>
<value>0</value>
</capacity>
</place>
<transition id="pickup(x)">
<graphics>
<position x="120.0" y="120.0"/>
</graphics>
<name>
<value>pickup(x)</value>
<graphics>
<offset x="-2.0" y="-3.0"/>
</graphics>
</name>
<orientation>
<value>90</value>
</orientation>
<guard>
<value/>
</guard>
<effect>
<value/>
</effect>
<subnet>
<value/>
</subnet>
<rate>
<value>1.0</value>
</rate>
<timed>
<value>true</value>
</timed>
<infiniteServer>
<value>false</value>
</infiniteServer>
<priority>
<value>1</value>
</priority>
</transition>
<transition id="putdown(x)">
<graphics>
<position x="120.0" y="270.0"/>
</graphics>
<name>
<value>putdown(x)</value>
<graphics>
<offset x="14.0" y="39.0"/>
</graphics>
</name>
<orientation>
<value>90</value>
</orientation>
<guard>
<value/>
</guard>
<effect>
<value/>
</effect>
<subnet>
<value/>
</subnet>
<rate>
<value>1.0</value>
</rate>
<timed>
<value>true</value>
</timed>
<infiniteServer>
<value>false</value>
</infiniteServer>
<priority>
<value>1</value>
</priority>
</transition>
<transition id="stack(x,y)">
<graphics>
<position x="330.0" y="270.0"/>
</graphics>
<name>
<value>stack(x,y)</value>
<graphics>
<offset x="73.0" y="25.0"/>
</graphics>
</name>
<orientation>
<value>90</value>
</orientation>
<guard>
<value>x&lt;&gt;y</value>
</guard>
<effect>
<value/>
</effect>
<subnet>
<value/>
</subnet>
<rate>
<value>1.0</value>
</rate>
<timed>
<value>true</value>
</timed>
<infiniteServer>
<value>false</value>
</infiniteServer>
<priority>
<value>1</value>
</priority>
</transition>
<transition id="unstack(x,y)">
<graphics>
<position x="330.0" y="120.0"/>
</graphics>
<name>
<value>unstack(x,y)</value>
<graphics>
<offset x="55.0" y="-8.0"/>
</graphics>
</name>
<orientation>
<value>90</value>
</orientation>
<guard>
<value>x&lt;&gt;y</value>
</guard>
<effect>
<value/>
</effect>
<subnet>
<value/>
</subnet>
<rate>
<value>1.0</value>
</rate>
<timed>
<value>true</value>
</timed>
<infiniteServer>
<value>false</value>
</infiniteServer>
<priority>
<value>1</value>
</priority>
</transition>
<arc id="handempty to stack(x,y)" source="handempty" target="stack(x,y)">
<graphics/>
<inscription>
<value>Default,</value>
<graphics/>
</inscription>
<tagged>
<value/>
</tagged>
<arcpath id="000" x="247" y="142" curvePoint="false"/>
<arcpath id="001" x="324" y="227" curvePoint="true"/>
<arcpath id="002" x="333" y="276" curvePoint="true"/>
<type value="inhibitor"/>
</arc>
<arc id="P0 to T0" source="ontable" target="pickup(x)">
<graphics/>
<inscription>
<value>Default,x</value>
<graphics/>
</inscription>
<tagged>
<value>false</value>
</tagged>
<arcpath id="000" x="107" y="193" curvePoint="false"/>
<arcpath id="001" x="110" y="185" curvePoint="true"/>
<arcpath id="002" x="118" y="156" curvePoint="true"/>
<arcpath id="003" x="126" y="136" curvePoint="false"/>
<type value="normal"/>
</arc>
<arc id="P1 to T0" source="handempty" target="pickup(x)">
<graphics/>
<inscription>
<value>Default,</value>
<graphics/>
</inscription>
<tagged>
<value>false</value>
</tagged>
<arcpath id="000" x="222" y="132" curvePoint="false"/>
<arcpath id="001" x="146" y="132" curvePoint="false"/>
<type value="normal"/>
</arc>
<arc id="P1 to T1" source="handempty" target="unstack(x,y)">
<graphics/>
<inscription>
<value>Default,</value>
<graphics/>
</inscription>
<tagged>
<value>false</value>
</tagged>
<arcpath id="000" x="251" y="132" curvePoint="false"/>
<arcpath id="001" x="326" y="132" curvePoint="false"/>
<type value="normal"/>
</arc>
<arc id="P1 to T2" source="handempty" target="putdown(x)">
<graphics/>
<inscription>
<value>Default,</value>
<graphics/>
</inscription>
<tagged>
<value/>
</tagged>
<arcpath id="000" x="227" y="143" curvePoint="false"/>
<arcpath id="001" x="187" y="195" curvePoint="true"/>
<arcpath id="002" x="160" y="238" curvePoint="true"/>
<arcpath id="003" x="130" y="276" curvePoint="true"/>
<type value="inhibitor"/>
</arc>
<arc id="P2 to T2" source="holding" target="putdown(x)">
<graphics/>
<inscription>
<value>Default,x</value>
<graphics/>
</inscription>
<tagged>
<value>false</value>
</tagged>
<arcpath id="000" x="222" y="282" curvePoint="false"/>
<arcpath id="001" x="146" y="282" curvePoint="false"/>
<type value="normal"/>
</arc>
<arc id="P2 to T3" source="holding" target="stack(x,y)">
<graphics/>
<inscription>
<value>Default,x</value>
<graphics/>
</inscription>
<tagged>
<value>false</value>
</tagged>
<arcpath id="000" x="251" y="282" curvePoint="false"/>
<arcpath id="001" x="326" y="282" curvePoint="false"/>
<type value="normal"/>
</arc>
<arc id="P3 to T1" source="on" target="unstack(x,y)">
<graphics/>
<inscription>
<value>Default,&lt;x,y&gt;</value>
<graphics/>
</inscription>
<tagged>
<value>false</value>
</tagged>
<arcpath id="000" x="353" y="192" curvePoint="false"/>
<arcpath id="001" x="342" y="137" curvePoint="false"/>
<type value="normal"/>
</arc>
<arc id="P4 to T0" source="clear" target="pickup(x)">
<graphics/>
<inscription>
<value>Default,x</value>
<graphics/>
</inscription>
<tagged>
<value>false</value>
</tagged>
<arcpath id="000" x="439" y="194" curvePoint="false"/>
<arcpath id="001" x="448" y="150" curvePoint="true"/>
<arcpath id="002" x="392" y="92" curvePoint="true"/>
<arcpath id="003" x="292" y="65" curvePoint="true"/>
<arcpath id="004" x="201" y="76" curvePoint="true"/>
<arcpath id="005" x="155" y="94" curvePoint="true"/>
<arcpath id="006" x="131" y="126" curvePoint="true"/>
<type value="normal"/>
</arc>
<arc id="P4 to T1" source="clear" target="unstack(x,y)">
<graphics/>
<inscription>
<value>Default,x</value>
<graphics/>
</inscription>
<tagged>
<value>false</value>
</tagged>
<arcpath id="000" x="431" y="192" curvePoint="false"/>
<arcpath id="001" x="416" y="167" curvePoint="true"/>
<arcpath id="002" x="356" y="132" curvePoint="true"/>
<type value="normal"/>
</arc>
<arc id="P4 to T3" source="clear" target="stack(x,y)">
<graphics/>
<inscription>
<value>Default,y</value>
<graphics/>
</inscription>
<tagged>
<value>false</value>
</tagged>
<arcpath id="000" x="419" y="215" curvePoint="false"/>
<arcpath id="001" x="389" y="239" curvePoint="true"/>
<arcpath id="002" x="347" y="277" curvePoint="false"/>
<type value="normal"/>
</arc>
<arc id="T0 to P2" source="pickup(x)" target="holding">
<graphics/>
<inscription>
<value>Default,x</value>
<graphics/>
</inscription>
<tagged>
<value>false</value>
</tagged>
<arcpath id="000" x="136" y="137" curvePoint="false"/>
<arcpath id="001" x="228" y="269" curvePoint="false"/>
<type value="normal"/>
</arc>
<arc id="T1 to P2" source="unstack(x,y)" target="holding">
<graphics/>
<inscription>
<value>Default,x</value>
<graphics/>
</inscription>
<tagged>
<value>false</value>
</tagged>
<arcpath id="000" x="335" y="136" curvePoint="false"/>
<arcpath id="001" x="245" y="269" curvePoint="false"/>
<type value="normal"/>
</arc>
<arc id="T1 to P4" source="unstack(x,y)" target="clear">
<graphics/>
<inscription>
<value>Default,y</value>
<graphics/>
</inscription>
<tagged>
<value>false</value>
</tagged>
<arcpath id="000" x="349" y="137" curvePoint="false"/>
<arcpath id="001" x="402" y="200" curvePoint="true"/>
<arcpath id="002" x="417" y="203" curvePoint="false"/>
<type value="normal"/>
</arc>
<arc id="T2 to P0" source="putdown(x)" target="ontable">
<graphics/>
<inscription>
<value>Default,x</value>
<graphics/>
</inscription>
<tagged>
<value>false</value>
</tagged>
<arcpath id="000" x="123" y="276" curvePoint="false"/>
<arcpath id="001" x="119" y="267" curvePoint="true"/>
<arcpath id="002" x="105" y="221" curvePoint="true"/>
<type value="normal"/>
</arc>
<arc id="T2 to P1" source="putdown(x)" target="handempty">
<graphics/>
<inscription>
<value>Default,</value>
<graphics/>
</inscription>
<tagged>
<value>false</value>
</tagged>
<arcpath id="000" x="137" y="277" curvePoint="false"/>
<arcpath id="001" x="184" y="246" curvePoint="true"/>
<arcpath id="002" x="215" y="208" curvePoint="true"/>
<arcpath id="003" x="233" y="146" curvePoint="true"/>
<type value="normal"/>
</arc>
<arc id="T2 to P4" source="putdown(x)" target="clear">
<graphics/>
<inscription>
<value>Default,x</value>
<graphics/>
</inscription>
<tagged>
<value>false</value>
</tagged>
<arcpath id="000" x="131" y="286" curvePoint="false"/>
<arcpath id="001" x="207" y="349" curvePoint="true"/>
<arcpath id="002" x="333" y="353" curvePoint="true"/>
<arcpath id="003" x="411" y="336" curvePoint="true"/>
<arcpath id="004" x="451" y="275" curvePoint="true"/>
<arcpath id="005" x="438" y="220" curvePoint="true"/>
<type value="normal"/>
</arc>
<arc id="T3 to P1" source="stack(x,y)" target="handempty">
<graphics/>
<inscription>
<value>Default,</value>
<graphics/>
</inscription>
<tagged>
<value>false</value>
</tagged>
<arcpath id="000" x="341" y="286" curvePoint="false"/>
<arcpath id="001" x="337" y="288" curvePoint="true"/>
<arcpath id="002" x="279" y="228" curvePoint="true"/>
<arcpath id="003" x="241" y="146" curvePoint="true"/>
<type value="normal"/>
</arc>
<arc id="T3 to P3" source="stack(x,y)" target="on">
<graphics/>
<inscription>
<value>Default,x,y</value>
<graphics/>
</inscription>
<tagged>
<value>false</value>
</tagged>
<arcpath id="000" x="340" y="276" curvePoint="false"/>
<arcpath id="001" x="353" y="221" curvePoint="false"/>
<type value="normal"/>
</arc>
<arc id="T3 to P4" source="stack(x,y)" target="clear">
<graphics/>
<inscription>
<value>Default,x</value>
<graphics/>
</inscription>
<tagged>
<value>false</value>
</tagged>
<arcpath id="000" x="356" y="282" curvePoint="false"/>
<arcpath id="001" x="401" y="271" curvePoint="true"/>
<arcpath id="002" x="426" y="221" curvePoint="true"/>
<type value="normal"/>
</arc>
</net>
</pnml>
