<?xml version="1.0" encoding="iso-8859-1"?>
<pnml>
<net id="Net-One" type="PrT net">
<tokenclass id="Default" enabled="true" red="0" green="0" blue="0"/>
<labels x="83" y="316" width="539" height="13" border="true">
<text>INIT name(UID), password(PSWD)</text>
</labels>
<place id="P2">
<graphics>
<position x="225.0" y="105.0"/>
</graphics>
<name>
<value>P2</value>
<graphics>
<offset x="-5.0" y="35.0"/>
</graphics>
</name>
<initialMarking>
<value>Default,</value>
<graphics>
<offset x="0.0" y="0.0"/>
</graphics>
</initialMarking>
<capacity>
<value>0</value>
</capacity>
</place>
<place id="P3">
<graphics>
<position x="420.0" y="105.0"/>
</graphics>
<name>
<value>P3</value>
<graphics>
<offset x="-5.0" y="35.0"/>
</graphics>
</name>
<initialMarking>
<value>Default,</value>
<graphics>
<offset x="0.0" y="0.0"/>
</graphics>
</initialMarking>
<capacity>
<value>0</value>
</capacity>
</place>
<place id="P4">
<graphics>
<position x="60.0" y="105.0"/>
</graphics>
<name>
<value>name</value>
<graphics>
<offset x="32.0" y="58.0"/>
</graphics>
</name>
<initialMarking>
<value>Default,</value>
<graphics>
<offset x="0.0" y="0.0"/>
</graphics>
</initialMarking>
<capacity>
<value>0</value>
</capacity>
</place>
<place id="P5">
<graphics>
<position x="225.0" y="165.0"/>
</graphics>
<name>
<value>password</value>
<graphics>
<offset x="45.0" y="50.0"/>
</graphics>
</name>
<initialMarking>
<value>Default,</value>
<graphics>
<offset x="0.0" y="0.0"/>
</graphics>
</initialMarking>
<capacity>
<value>0</value>
</capacity>
</place>
<place id="P6">
<graphics>
<position x="630.0" y="105.0"/>
</graphics>
<name>
<value>logged</value>
<graphics>
<offset x="55.0" y="-5.0"/>
</graphics>
</name>
<initialMarking>
<value>Default,</value>
<graphics>
<offset x="0.0" y="0.0"/>
</graphics>
</initialMarking>
<capacity>
<value>0</value>
</capacity>
</place>
<transition id="T1">
<graphics>
<position x="135.0" y="105.0"/>
</graphics>
<name>
<value>enterName</value>
<graphics>
<offset x="51.0" y="49.0"/>
</graphics>
</name>
<orientation>
<value>0</value>
</orientation>
<guard>
<value/>
</guard>
<effect>
<value/>
</effect>
<rate>
<value>1.0</value>
</rate>
<timed>
<value>true</value>
</timed>
<infiniteServer>
<value>false</value>
</infiniteServer>
<priority>
<value>1</value>
</priority>
</transition>
<transition id="T2">
<graphics>
<position x="315.0" y="105.0"/>
</graphics>
<name>
<value>enterPassword(pswd)</value>
<graphics>
<offset x="105.0" y="50.0"/>
</graphics>
</name>
<orientation>
<value>0</value>
</orientation>
<guard>
<value/>
</guard>
<effect>
<value/>
</effect>
<rate>
<value>1.0</value>
</rate>
<timed>
<value>true</value>
</timed>
<infiniteServer>
<value>false</value>
</infiniteServer>
<priority>
<value>1</value>
</priority>
</transition>
<transition id="T3">
<graphics>
<position x="525.0" y="105.0"/>
</graphics>
<name>
<value>login(uid, pswd)</value>
<graphics>
<offset x="90.0" y="49.0"/>
</graphics>
</name>
<orientation>
<value>0</value>
</orientation>
<guard>
<value/>
</guard>
<effect>
<value/>
</effect>
<rate>
<value>1.0</value>
</rate>
<timed>
<value>true</value>
</timed>
<infiniteServer>
<value>false</value>
</infiniteServer>
<priority>
<value>1</value>
</priority>
</transition>
<arc id="P2 to T2" source="P2" target="T2">
<graphics/>
<inscription>
<value>Default,uid</value>
<graphics/>
</inscription>
<tagged>
<value>false</value>
</tagged>
<arcpath id="000" x="251" y="117" curvePoint="false"/>
<arcpath id="001" x="322" y="112" curvePoint="false"/>
<type value="normal"/>
</arc>
<arc id="P3 to T3" source="P3" target="T3">
<graphics/>
<inscription>
<value>Default,uid, pswd</value>
<graphics/>
</inscription>
<tagged>
<value>false</value>
</tagged>
<arcpath id="000" x="446" y="117" curvePoint="false"/>
<arcpath id="001" x="531" y="117" curvePoint="false"/>
<type value="normal"/>
</arc>
<arc id="P4 to T1" source="P4" target="T1">
<graphics/>
<inscription>
<value>Default,uid</value>
<graphics/>
</inscription>
<tagged>
<value>false</value>
</tagged>
<arcpath id="000" x="86" y="117" curvePoint="false"/>
<arcpath id="001" x="141" y="117" curvePoint="false"/>
<type value="normal"/>
</arc>
<arc id="P5 to T2" source="P5" target="T2">
<graphics/>
<inscription>
<value>Default,pswd</value>
<graphics/>
</inscription>
<tagged>
<value>false</value>
</tagged>
<arcpath id="000" x="249" y="168" curvePoint="false"/>
<arcpath id="001" x="321" y="122" curvePoint="false"/>
<type value="normal"/>
</arc>
<arc id="T1 to P2" source="T1" target="P2">
<graphics/>
<inscription>
<value>Default,uid</value>
<graphics/>
</inscription>
<tagged>
<value>false</value>
</tagged>
<arcpath id="000" x="151" y="117" curvePoint="false"/>
<arcpath id="001" x="222" y="117" curvePoint="false"/>
<type value="normal"/>
</arc>
<arc id="T2 to P3" source="T2" target="P3">
<graphics/>
<inscription>
<value>Default,uid, pswd</value>
<graphics/>
</inscription>
<tagged>
<value>false</value>
</tagged>
<arcpath id="000" x="331" y="117" curvePoint="false"/>
<arcpath id="001" x="417" y="117" curvePoint="false"/>
<type value="normal"/>
</arc>
<arc id="T3 to P6" source="T3" target="P6">
<graphics/>
<inscription>
<value>Default,</value>
<graphics/>
</inscription>
<tagged>
<value>false</value>
</tagged>
<arcpath id="000" x="541" y="117" curvePoint="false"/>
<arcpath id="001" x="627" y="117" curvePoint="false"/>
<type value="normal"/>
</arc>
</net>
</pnml>
