<?xml version="1.0" encoding="iso-8859-1"?>
<pnml>
<net id="Net-One" type="PrT net">
<tokenclass id="Default" enabled="true" red="0" green="0" blue="0"/>
<place id="P1">
<graphics>
<position x="510.0" y="225.0"/>
</graphics>
<name>
<value>FlipPage</value>
<graphics>
<offset x="-6.0" y="10.0"/>
</graphics>
</name>
<initialMarking>
<value>Default,(Heads)</value>
<graphics>
<offset x="0.0" y="0.0"/>
</graphics>
</initialMarking>
<capacity>
<value>0</value>
</capacity>
</place>
<transition id="T1">
<graphics>
<position x="510.0" y="60.0"/>
</graphics>
<name>
<value>FlipCoin</value>
<graphics>
<offset x="89.0" y="3.0"/>
</graphics>
</name>
<orientation>
<value>0</value>
</orientation>
<guard>
<value/>
</guard>
<effect>
<value/>
</effect>
<subnet>
<value/>
</subnet>
<rate>
<value>1.0</value>
</rate>
<timed>
<value>true</value>
</timed>
<infiniteServer>
<value>false</value>
</infiniteServer>
<priority>
<value>1</value>
</priority>
</transition>
<transition id="T2">
<graphics>
<position x="510.0" y="390.0"/>
</graphics>
<name>
<value>FlipCoin</value>
<graphics>
<offset x="90.0" y="16.0"/>
</graphics>
</name>
<orientation>
<value>0</value>
</orientation>
<guard>
<value/>
</guard>
<effect>
<value/>
</effect>
<subnet>
<value/>
</subnet>
<rate>
<value>1.0</value>
</rate>
<timed>
<value>true</value>
</timed>
<infiniteServer>
<value>false</value>
</infiniteServer>
<priority>
<value>1</value>
</priority>
</transition>
<arc id="P1 to T1" source="P1" target="T1">
<graphics/>
<inscription>
<value>Default,&lt;lastValue&gt;</value>
<graphics/>
</inscription>
<tagged>
<value>false</value>
</tagged>
<arcpath id="000" x="509" y="228" curvePoint="false"/>
<arcpath id="001" x="413" y="158" curvePoint="false"/>
<arcpath id="002" x="516" y="72" curvePoint="false"/>
<type value="normal"/>
</arc>
<arc id="P1 to T2" source="P1" target="T2">
<graphics/>
<inscription>
<value>Default,&lt;lastValue&gt;</value>
<graphics/>
</inscription>
<tagged>
<value>false</value>
</tagged>
<arcpath id="000" x="510" y="246" curvePoint="false"/>
<arcpath id="001" x="413" y="323" curvePoint="false"/>
<arcpath id="002" x="516" y="402" curvePoint="false"/>
<type value="normal"/>
</arc>
<arc id="T1 to P1" source="T1" target="P1">
<graphics/>
<inscription>
<value>Default,&lt;Heads&gt;</value>
<graphics/>
</inscription>
<tagged>
<value>false</value>
</tagged>
<arcpath id="000" x="526" y="72" curvePoint="false"/>
<arcpath id="001" x="638" y="158" curvePoint="false"/>
<arcpath id="002" x="534" y="228" curvePoint="false"/>
<type value="normal"/>
</arc>
<arc id="T2 to P1" source="T2" target="P1">
<graphics/>
<inscription>
<value>Default,&lt;Tails&gt;</value>
<graphics/>
</inscription>
<tagged>
<value>false</value>
</tagged>
<arcpath id="000" x="526" y="402" curvePoint="false"/>
<arcpath id="001" x="638" y="323" curvePoint="false"/>
<arcpath id="002" x="534" y="245" curvePoint="false"/>
<type value="normal"/>
</arc>
</net>
</pnml>
