<?xml version="1.0" encoding="iso-8859-1"?><pnml>
<net id="Net-One" type="PrT net">
<tokenclass id="Default" enabled="true" red="0" green="0" blue="0"/>
<labels x="48" y="597" width="128" height="16" border="true">
<text>//ENUM OFF, ON</text>
</labels>
<labels x="48" y="258" width="266" height="13" border="true">
<text>CONSTANTS OFF=0, ON=1</text>
</labels>
<labels x="48" y="432" width="258" height="26" border="true">
<text>GOAL[BothOn] light(ON), switch1(ON), switch2(ON)</text>
</labels>
<labels x="51" y="486" width="258" height="26" border="true">
<text>GOAL [OneOff] light(OFF), switch1(OFF), switch2(ON)</text>
</labels>
<labels x="382" y="282" width="303" height="15" border="true">
<text>GOAL [VAR] light(ON), switch1(x), switch2(y), y!=x</text>
</labels>
<labels x="48" y="387" width="258" height="15" border="true">
<text>GOAL light(OFF), switch1(ON), switch2(ON)</text>
</labels>
<labels x="48" y="349" width="258" height="13" border="true">
<text>GOAL light(ON), switch1(ON), switch2(OFF)</text>
</labels>
<labels x="48" y="308" width="258" height="13" border="true">
<text>INIT switch1(OFF), light(ON), switch2(OFF)</text>
</labels>
<labels x="33" y="21" width="288" height="19" border="true">
<text>Light with two switches</text>
</labels>
<place id="P1">
<graphics>
<position x="435.0" y="105.0"/>
</graphics>
<name>
<value>light</value>
<graphics>
<offset x="25.0" y="-18.0"/>
</graphics>
</name>
<initialMarking>
<value>Default,</value>
<graphics>
<offset x="0.0" y="0.0"/>
</graphics>
</initialMarking>
<capacity>
<value>0</value>
</capacity>
</place>
<place id="P2">
<graphics>
<position x="90.0" y="105.0"/>
</graphics>
<name>
<value>switch1</value>
<graphics>
<offset x="-5.0" y="35.0"/>
</graphics>
</name>
<initialMarking>
<value>Default,</value>
<graphics>
<offset x="0.0" y="0.0"/>
</graphics>
</initialMarking>
<capacity>
<value>0</value>
</capacity>
</place>
<place id="P3">
<graphics>
<position x="825.0" y="105.0"/>
</graphics>
<name>
<value>switch2</value>
<graphics>
<offset x="41.0" y="51.0"/>
</graphics>
</name>
<initialMarking>
<value>Default,</value>
<graphics>
<offset x="0.0" y="0.0"/>
</graphics>
</initialMarking>
<capacity>
<value>0</value>
</capacity>
</place>
<transition id="T1">
<graphics>
<position x="270.0" y="105.0"/>
</graphics>
<name>
<value>flipSwitch1(x1, x2, y1, y2)</value>
<graphics>
<offset x="112.0" y="82.0"/>
</graphics>
</name>
<orientation>
<value>0</value>
</orientation>
<guard>
<value>x2=ON-x1, y2=ON-y1</value>
</guard>
<effect>
<value/>
</effect>
<subnet>
<value/>
</subnet>
<rate>
<value>1.0</value>
</rate>
<timed>
<value>true</value>
</timed>
<infiniteServer>
<value>false</value>
</infiniteServer>
<priority>
<value>1</value>
</priority>
</transition>
<transition id="T3">
<graphics>
<position x="615.0" y="105.0"/>
</graphics>
<name>
<value>flipSwitch2(x1, x2, y1, y2)</value>
<graphics>
<offset x="107.0" y="68.0"/>
</graphics>
</name>
<orientation>
<value>0</value>
</orientation>
<guard>
<value>x2=1-x1, y2=1-y1</value>
</guard>
<effect>
<value/>
</effect>
<subnet>
<value/>
</subnet>
<rate>
<value>1.0</value>
</rate>
<timed>
<value>true</value>
</timed>
<infiniteServer>
<value>false</value>
</infiniteServer>
<priority>
<value>1</value>
</priority>
</transition>
<arc id="P1 to T1" source="P1" target="T1">
<graphics/>
<inscription>
<value>Default,y1</value>
<graphics/>
</inscription>
<tagged>
<value>false</value>
</tagged>
<arcpath id="000" x="432" y="111" curvePoint="false"/>
<arcpath id="001" x="381" y="97" curvePoint="true"/>
<arcpath id="002" x="332" y="102" curvePoint="true"/>
<arcpath id="003" x="287" y="112" curvePoint="false"/>
<type value="normal"/>
</arc>
<arc id="P1 to T3" source="P1" target="T3">
<graphics/>
<inscription>
<value>Default,y1</value>
<graphics/>
</inscription>
<tagged>
<value>false</value>
</tagged>
<arcpath id="000" x="461" y="112" curvePoint="false"/>
<arcpath id="001" x="524" y="96" curvePoint="true"/>
<arcpath id="002" x="589" y="100" curvePoint="true"/>
<arcpath id="003" x="622" y="112" curvePoint="false"/>
<type value="normal"/>
</arc>
<arc id="P2 to T1" source="P2" target="T1">
<graphics/>
<inscription>
<value>Default,x1</value>
<graphics/>
</inscription>
<tagged>
<value>false</value>
</tagged>
<arcpath id="000" x="116" y="111" curvePoint="false"/>
<arcpath id="001" x="165" y="95" curvePoint="true"/>
<arcpath id="002" x="220" y="91" curvePoint="true"/>
<arcpath id="003" x="277" y="112" curvePoint="false"/>
<type value="normal"/>
</arc>
<arc id="P3 to T3" source="P3" target="T3">
<graphics/>
<inscription>
<value>Default,x1</value>
<graphics/>
</inscription>
<tagged>
<value>false</value>
</tagged>
<arcpath id="000" x="823" y="111" curvePoint="false"/>
<arcpath id="001" x="772" y="94" curvePoint="true"/>
<arcpath id="002" x="703" y="96" curvePoint="true"/>
<arcpath id="003" x="632" y="112" curvePoint="false"/>
<type value="normal"/>
</arc>
<arc id="T1 to P1" source="T1" target="P1">
<graphics/>
<inscription>
<value>Default,y2</value>
<graphics/>
</inscription>
<tagged>
<value>false</value>
</tagged>
<arcpath id="000" x="286" y="122" curvePoint="false"/>
<arcpath id="001" x="356" y="143" curvePoint="true"/>
<arcpath id="002" x="403" y="135" curvePoint="true"/>
<arcpath id="003" x="433" y="122" curvePoint="true"/>
<type value="normal"/>
</arc>
<arc id="T1 to P2" source="T1" target="P2">
<graphics/>
<inscription>
<value>Default,x2</value>
<graphics/>
</inscription>
<tagged>
<value>false</value>
</tagged>
<arcpath id="000" x="276" y="122" curvePoint="false"/>
<arcpath id="001" x="231" y="146" curvePoint="true"/>
<arcpath id="002" x="163" y="149" curvePoint="true"/>
<arcpath id="003" x="114" y="125" curvePoint="true"/>
<type value="normal"/>
</arc>
<arc id="T3 to P1" source="T3" target="P1">
<graphics/>
<inscription>
<value>Default,y2</value>
<graphics/>
</inscription>
<tagged>
<value>false</value>
</tagged>
<arcpath id="000" x="621" y="122" curvePoint="false"/>
<arcpath id="001" x="588" y="137" curvePoint="true"/>
<arcpath id="002" x="547" y="152" curvePoint="true"/>
<arcpath id="003" x="500" y="141" curvePoint="true"/>
<arcpath id="004" x="460" y="123" curvePoint="false"/>
<type value="normal"/>
</arc>
<arc id="T3 to P3" source="T3" target="P3">
<graphics/>
<inscription>
<value>Default,x2</value>
<graphics/>
</inscription>
<tagged>
<value>false</value>
</tagged>
<arcpath id="000" x="631" y="122" curvePoint="false"/>
<arcpath id="001" x="697" y="142" curvePoint="true"/>
<arcpath id="002" x="773" y="143" curvePoint="true"/>
<arcpath id="003" x="823" y="122" curvePoint="false"/>
<type value="normal"/>
</arc>
</net>
</pnml>
