<?xml version="1.0" encoding="iso-8859-1"?>
<pnml>
<net id="Net-One" type="PrT net">
<tokenclass id="Default" enabled="true" red="0" green="0" blue="0"/>
<labels x="118" y="337" width="170" height="13" border="true">
<text>DATA istaData.xls</text>
</labels>
<place id="P1">
<graphics>
<position x="30.0" y="105.0"/>
</graphics>
<name>
<value>start</value>
<graphics>
<offset x="55.00000000000006" y="3.499999999999997"/>
</graphics>
</name>
<initialMarking>
<value>Default,</value>
<graphics>
<offset x="0.0" y="0.0"/>
</graphics>
</initialMarking>
<capacity>
<value>0</value>
</capacity>
</place>
<place id="P2">
<graphics>
<position x="30.0" y="240.0"/>
</graphics>
<name>
<value>fileName</value>
<graphics>
<offset x="89.50000000000001" y="2.166666666666667"/>
</graphics>
</name>
<initialMarking>
<value>Default,</value>
<graphics>
<offset x="0.0" y="0.0"/>
</graphics>
</initialMarking>
<capacity>
<value>0</value>
</capacity>
</place>
<place id="P3">
<graphics>
<position x="135.0" y="165.0"/>
</graphics>
<name>
<value>midText</value>
<graphics>
<offset x="28.0" y="51.0"/>
</graphics>
</name>
<initialMarking>
<value>Default,</value>
<graphics>
<offset x="0.0" y="0.0"/>
</graphics>
</initialMarking>
<capacity>
<value>0</value>
</capacity>
</place>
<place id="P4">
<graphics>
<position x="225.0" y="165.0"/>
</graphics>
<name>
<value>midObject</value>
<graphics>
<offset x="27.0" y="46.0"/>
</graphics>
</name>
<initialMarking>
<value>Default,</value>
<graphics>
<offset x="0.0" y="0.0"/>
</graphics>
</initialMarking>
<capacity>
<value>0</value>
</capacity>
</place>
<place id="P5">
<graphics>
<position x="345.0" y="165.0"/>
</graphics>
<name>
<value>verified</value>
<graphics>
<offset x="28.833333333333343" y="42.666666666666664"/>
</graphics>
</name>
<initialMarking>
<value>Default,</value>
<graphics>
<offset x="0.0" y="0.0"/>
</graphics>
</initialMarking>
<capacity>
<value>0</value>
</capacity>
</place>
<place id="P6">
<graphics>
<position x="465.0" y="165.0"/>
</graphics>
<name>
<value>tree</value>
<graphics>
<offset x="27.166666666666668" y="44.833333333333336"/>
</graphics>
</name>
<initialMarking>
<value>Default,</value>
<graphics>
<offset x="0.0" y="0.0"/>
</graphics>
</initialMarking>
<capacity>
<value>0</value>
</capacity>
</place>
<place id="P7">
<graphics>
<position x="555.0" y="165.0"/>
</graphics>
<name>
<value>testCode</value>
<graphics>
<offset x="45.0" y="45.0"/>
</graphics>
</name>
<initialMarking>
<value>Default,</value>
<graphics>
<offset x="0.0" y="0.0"/>
</graphics>
</initialMarking>
<capacity>
<value>0</value>
</capacity>
</place>
<place id="P8">
<graphics>
<position x="390.0" y="225.0"/>
</graphics>
<name>
<value>coverage</value>
<graphics>
<offset x="-4.166666666666667" y="15.000000000000002"/>
</graphics>
</name>
<initialMarking>
<value>Default,</value>
<graphics>
<offset x="0.0" y="0.0"/>
</graphics>
</initialMarking>
<capacity>
<value>0</value>
</capacity>
</place>
<transition id="T1">
<graphics>
<position x="75.0" y="165.0"/>
</graphics>
<name>
<value>open(x)</value>
<graphics>
<offset x="32.833333333333336" y="-14.666666666666668"/>
</graphics>
</name>
<orientation>
<value>0</value>
</orientation>
<guard>
<value/>
</guard>
<effect>
<value/>
</effect>
<subnet>
<value/>
</subnet>
<rate>
<value>1.0</value>
</rate>
<timed>
<value>true</value>
</timed>
<infiniteServer>
<value>false</value>
</infiniteServer>
<priority>
<value>1</value>
</priority>
</transition>
<transition id="T2">
<graphics>
<position x="180.0" y="165.0"/>
</graphics>
<name>
<value>parse(x)</value>
<graphics>
<offset x="43.0" y="-10.0"/>
</graphics>
</name>
<orientation>
<value>0</value>
</orientation>
<guard>
<value/>
</guard>
<effect>
<value/>
</effect>
<subnet>
<value/>
</subnet>
<rate>
<value>1.0</value>
</rate>
<timed>
<value>true</value>
</timed>
<infiniteServer>
<value>false</value>
</infiniteServer>
<priority>
<value>1</value>
</priority>
</transition>
<transition id="T3">
<graphics>
<position x="285.0" y="165.0"/>
</graphics>
<name>
<value>verify()</value>
<graphics>
<offset x="32.0" y="-10.0"/>
</graphics>
</name>
<orientation>
<value>0</value>
</orientation>
<guard>
<value/>
</guard>
<effect>
<value/>
</effect>
<subnet>
<value/>
</subnet>
<rate>
<value>1.0</value>
</rate>
<timed>
<value>true</value>
</timed>
<infiniteServer>
<value>false</value>
</infiniteServer>
<priority>
<value>1</value>
</priority>
</transition>
<transition id="T4">
<graphics>
<position x="405.0" y="165.0"/>
</graphics>
<name>
<value>generateTree(x,y)</value>
<graphics>
<offset x="54.0" y="-11.0"/>
</graphics>
</name>
<orientation>
<value>0</value>
</orientation>
<guard>
<value/>
</guard>
<effect>
<value/>
</effect>
<subnet>
<value/>
</subnet>
<rate>
<value>1.0</value>
</rate>
<timed>
<value>true</value>
</timed>
<infiniteServer>
<value>false</value>
</infiniteServer>
<priority>
<value>1</value>
</priority>
</transition>
<transition id="T5">
<graphics>
<position x="510.0" y="165.0"/>
</graphics>
<name>
<value>generateCode()</value>
<graphics>
<offset x="54.0" y="-10.0"/>
</graphics>
</name>
<orientation>
<value>0</value>
</orientation>
<guard>
<value/>
</guard>
<effect>
<value/>
</effect>
<subnet>
<value/>
</subnet>
<rate>
<value>1.0</value>
</rate>
<timed>
<value>true</value>
</timed>
<infiniteServer>
<value>false</value>
</infiniteServer>
<priority>
<value>1</value>
</priority>
</transition>
<transition id="T6">
<graphics>
<position x="615.0" y="165.0"/>
</graphics>
<name>
<value>closeTree()</value>
<graphics>
<offset x="46.0" y="-9.0"/>
</graphics>
</name>
<orientation>
<value>0</value>
</orientation>
<guard>
<value/>
</guard>
<effect>
<value/>
</effect>
<subnet>
<value/>
</subnet>
<rate>
<value>1.0</value>
</rate>
<timed>
<value>true</value>
</timed>
<infiniteServer>
<value>false</value>
</infiniteServer>
<priority>
<value>1</value>
</priority>
</transition>
<arc id="P1 to T1" source="P1" target="T1">
<graphics/>
<inscription>
<value>Default,</value>
<graphics/>
</inscription>
<tagged>
<value>false</value>
</tagged>
<arcpath id="000" x="50" y="129" curvePoint="false"/>
<arcpath id="001" x="82" y="172" curvePoint="false"/>
<type value="normal"/>
</arc>
<arc id="P2 to T1" source="P2" target="T1">
<graphics/>
<inscription>
<value>Default,x</value>
<graphics/>
</inscription>
<tagged>
<value>false</value>
</tagged>
<arcpath id="000" x="49" y="238" curvePoint="false"/>
<arcpath id="001" x="81" y="182" curvePoint="false"/>
<type value="normal"/>
</arc>
<arc id="P3 to T2" source="P3" target="T2">
<graphics/>
<inscription>
<value>Default,x</value>
<graphics/>
</inscription>
<tagged>
<value>false</value>
</tagged>
<arcpath id="000" x="161" y="177" curvePoint="false"/>
<arcpath id="001" x="186" y="177" curvePoint="false"/>
<type value="normal"/>
</arc>
<arc id="P4 to T3" source="P4" target="T3">
<graphics/>
<inscription>
<value>Default,x</value>
<graphics/>
</inscription>
<tagged>
<value>false</value>
</tagged>
<arcpath id="000" x="251" y="177" curvePoint="false"/>
<arcpath id="001" x="291" y="177" curvePoint="false"/>
<type value="normal"/>
</arc>
<arc id="P5 to T4" source="P5" target="T4">
<graphics/>
<inscription>
<value>Default,x</value>
<graphics/>
</inscription>
<tagged>
<value>false</value>
</tagged>
<arcpath id="000" x="371" y="177" curvePoint="false"/>
<arcpath id="001" x="411" y="177" curvePoint="false"/>
<type value="normal"/>
</arc>
<arc id="P6 to T5" source="P6" target="T5">
<graphics/>
<inscription>
<value>Default,x,y</value>
<graphics/>
</inscription>
<tagged>
<value>false</value>
</tagged>
<arcpath id="000" x="491" y="177" curvePoint="false"/>
<arcpath id="001" x="516" y="177" curvePoint="false"/>
<type value="normal"/>
</arc>
<arc id="P7 to T6" source="P7" target="T6">
<graphics/>
<inscription>
<value>Default,x</value>
<graphics/>
</inscription>
<tagged>
<value>false</value>
</tagged>
<arcpath id="000" x="581" y="177" curvePoint="false"/>
<arcpath id="001" x="621" y="177" curvePoint="false"/>
<type value="normal"/>
</arc>
<arc id="P8 to T4" source="P8" target="T4">
<graphics/>
<inscription>
<value>Default,y</value>
<graphics/>
</inscription>
<tagged>
<value/>
</tagged>
<arcpath id="000" x="406" y="222" curvePoint="false"/>
<arcpath id="001" x="417" y="192" curvePoint="false"/>
<type value="bidirectional"/>
</arc>
<arc id="T1 to P3" source="T1" target="P3">
<graphics/>
<inscription>
<value>Default,x</value>
<graphics/>
</inscription>
<tagged>
<value>false</value>
</tagged>
<arcpath id="000" x="91" y="177" curvePoint="false"/>
<arcpath id="001" x="132" y="177" curvePoint="false"/>
<type value="normal"/>
</arc>
<arc id="T2 to P4" source="T2" target="P4">
<graphics/>
<inscription>
<value>Default,x</value>
<graphics/>
</inscription>
<tagged>
<value>false</value>
</tagged>
<arcpath id="000" x="196" y="177" curvePoint="false"/>
<arcpath id="001" x="222" y="177" curvePoint="false"/>
<type value="normal"/>
</arc>
<arc id="T3 to P5" source="T3" target="P5">
<graphics/>
<inscription>
<value>Default,x</value>
<graphics/>
</inscription>
<tagged>
<value>false</value>
</tagged>
<arcpath id="000" x="301" y="177" curvePoint="false"/>
<arcpath id="001" x="342" y="177" curvePoint="false"/>
<type value="normal"/>
</arc>
<arc id="T4 to P6" source="T4" target="P6">
<graphics/>
<inscription>
<value>Default,x,y</value>
<graphics/>
</inscription>
<tagged>
<value>false</value>
</tagged>
<arcpath id="000" x="421" y="177" curvePoint="false"/>
<arcpath id="001" x="462" y="177" curvePoint="false"/>
<type value="normal"/>
</arc>
<arc id="T5 to P7" source="T5" target="P7">
<graphics/>
<inscription>
<value>Default,x</value>
<graphics/>
</inscription>
<tagged>
<value>false</value>
</tagged>
<arcpath id="000" x="526" y="177" curvePoint="false"/>
<arcpath id="001" x="552" y="177" curvePoint="false"/>
<type value="normal"/>
</arc>
<arc id="T6 to P1" source="T6" target="P1">
<graphics/>
<inscription>
<value>Default,</value>
<graphics/>
</inscription>
<tagged>
<value>false</value>
</tagged>
<arcpath id="000" x="632" y="172" curvePoint="false"/>
<arcpath id="001" x="658" y="168" curvePoint="false"/>
<arcpath id="002" x="658" y="120" curvePoint="false"/>
<arcpath id="003" x="643" y="120" curvePoint="false"/>
<arcpath id="004" x="56" y="117" curvePoint="false"/>
<type value="normal"/>
</arc>
<arc id="T6 to P2" source="T6" target="P2">
<graphics/>
<inscription>
<value>Default,x</value>
<graphics/>
</inscription>
<tagged>
<value>false</value>
</tagged>
<arcpath id="000" x="631" y="182" curvePoint="false"/>
<arcpath id="001" x="658" y="200" curvePoint="false"/>
<arcpath id="002" x="658" y="260" curvePoint="false"/>
<arcpath id="003" x="56" y="252" curvePoint="false"/>
<type value="normal"/>
</arc>
</net>
</pnml>
