<?xml version="1.0" encoding="iso-8859-1"?>
<pnml>
<net id="Net-One" type="PrT net">
<tokenclass id="Default" enabled="true" red="0" green="0" blue="0"/>
<place id="P4">
<graphics>
<position x="105.0" y="135.0"/>
</graphics>
<name>
<value>P6</value>
<graphics>
<offset x="17.0" y="51.0"/>
</graphics>
</name>
<initialMarking>
<value>Default,</value>
<graphics>
<offset x="0.0" y="0.0"/>
</graphics>
</initialMarking>
<capacity>
<value>0</value>
</capacity>
</place>
<place id="P5">
<graphics>
<position x="300.0" y="90.0"/>
</graphics>
<name>
<value>P10</value>
<graphics>
<offset x="12.0" y="52.0"/>
</graphics>
</name>
<initialMarking>
<value>Default,</value>
<graphics>
<offset x="0.0" y="0.0"/>
</graphics>
</initialMarking>
<capacity>
<value>0</value>
</capacity>
</place>
<place id="P6">
<graphics>
<position x="495.0" y="135.0"/>
</graphics>
<name>
<value>P8</value>
<graphics>
<offset x="22.0" y="43.0"/>
</graphics>
</name>
<initialMarking>
<value>Default,</value>
<graphics>
<offset x="0.0" y="0.0"/>
</graphics>
</initialMarking>
<capacity>
<value>0</value>
</capacity>
</place>
<place id="P7">
<graphics>
<position x="300.0" y="180.0"/>
</graphics>
<name>
<value>P11</value>
<graphics>
<offset x="-5.0" y="35.0"/>
</graphics>
</name>
<initialMarking>
<value>Default,</value>
<graphics>
<offset x="0.0" y="0.0"/>
</graphics>
</initialMarking>
<capacity>
<value>0</value>
</capacity>
</place>
<transition id="T4">
<graphics>
<position x="195.0" y="90.0"/>
</graphics>
<name>
<value>T10</value>
<graphics>
<offset x="24.0" y="50.0"/>
</graphics>
</name>
<orientation>
<value>0</value>
</orientation>
<guard>
<value/>
</guard>
<effect>
<value/>
</effect>
<subnet>
<value/>
</subnet>
<rate>
<value>1.0</value>
</rate>
<timed>
<value>false</value>
</timed>
<infiniteServer>
<value>false</value>
</infiniteServer>
<priority>
<value>1</value>
</priority>
</transition>
<transition id="T5">
<graphics>
<position x="405.0" y="90.0"/>
</graphics>
<name>
<value>T11</value>
<graphics>
<offset x="21.0" y="48.0"/>
</graphics>
</name>
<orientation>
<value>0</value>
</orientation>
<guard>
<value/>
</guard>
<effect>
<value/>
</effect>
<subnet>
<value/>
</subnet>
<rate>
<value>1.0</value>
</rate>
<timed>
<value>false</value>
</timed>
<infiniteServer>
<value>false</value>
</infiniteServer>
<priority>
<value>1</value>
</priority>
</transition>
<transition id="T6">
<graphics>
<position x="195.0" y="180.0"/>
</graphics>
<name>
<value>T12</value>
<graphics>
<offset x="-5.0" y="35.0"/>
</graphics>
</name>
<orientation>
<value>0</value>
</orientation>
<guard>
<value/>
</guard>
<effect>
<value/>
</effect>
<subnet>
<value/>
</subnet>
<rate>
<value>1.0</value>
</rate>
<timed>
<value>true</value>
</timed>
<infiniteServer>
<value>false</value>
</infiniteServer>
<priority>
<value>1</value>
</priority>
</transition>
<transition id="T7">
<graphics>
<position x="405.0" y="180.0"/>
</graphics>
<name>
<value>T13</value>
<graphics>
<offset x="-5.0" y="35.0"/>
</graphics>
</name>
<orientation>
<value>0</value>
</orientation>
<guard>
<value/>
</guard>
<effect>
<value/>
</effect>
<subnet>
<value/>
</subnet>
<rate>
<value>1.0</value>
</rate>
<timed>
<value>true</value>
</timed>
<infiniteServer>
<value>false</value>
</infiniteServer>
<priority>
<value>1</value>
</priority>
</transition>
<arc id="P4 to T4" source="P4" target="T4">
<graphics/>
<inscription>
<value>Default,</value>
<graphics/>
</inscription>
<tagged>
<value>false</value>
</tagged>
<arcpath id="000" x="130" y="140" curvePoint="false"/>
<arcpath id="001" x="201" y="102" curvePoint="false"/>
<type value="normal"/>
</arc>
<arc id="P4 to T6" source="P4" target="T6">
<graphics/>
<inscription>
<value>Default,</value>
<graphics/>
</inscription>
<tagged>
<value>false</value>
</tagged>
<arcpath id="000" x="130" y="154" curvePoint="false"/>
<arcpath id="001" x="201" y="192" curvePoint="false"/>
<type value="normal"/>
</arc>
<arc id="P5 to T5" source="P5" target="T5">
<graphics/>
<inscription>
<value>Default,</value>
<graphics/>
</inscription>
<tagged>
<value>false</value>
</tagged>
<arcpath id="000" x="326" y="102" curvePoint="false"/>
<arcpath id="001" x="411" y="102" curvePoint="false"/>
<type value="normal"/>
</arc>
<arc id="P7 to T7" source="P7" target="T7">
<graphics/>
<inscription>
<value>Default,</value>
<graphics/>
</inscription>
<tagged>
<value>false</value>
</tagged>
<arcpath id="000" x="326" y="192" curvePoint="false"/>
<arcpath id="001" x="411" y="192" curvePoint="false"/>
<type value="normal"/>
</arc>
<arc id="T4 to P5" source="T4" target="P5">
<graphics/>
<inscription>
<value>Default,</value>
<graphics/>
</inscription>
<tagged>
<value>false</value>
</tagged>
<arcpath id="000" x="211" y="102" curvePoint="false"/>
<arcpath id="001" x="297" y="102" curvePoint="false"/>
<type value="normal"/>
</arc>
<arc id="T5 to P6" source="T5" target="P6">
<graphics/>
<inscription>
<value>Default,</value>
<graphics/>
</inscription>
<tagged>
<value>false</value>
</tagged>
<arcpath id="000" x="421" y="102" curvePoint="false"/>
<arcpath id="001" x="493" y="140" curvePoint="false"/>
<type value="normal"/>
</arc>
<arc id="T6 to P7" source="T6" target="P7">
<graphics/>
<inscription>
<value>Default,</value>
<graphics/>
</inscription>
<tagged>
<value>false</value>
</tagged>
<arcpath id="000" x="211" y="192" curvePoint="false"/>
<arcpath id="001" x="297" y="192" curvePoint="false"/>
<type value="normal"/>
</arc>
<arc id="T7 to P6" source="T7" target="P6">
<graphics/>
<inscription>
<value>Default,</value>
<graphics/>
</inscription>
<tagged>
<value>false</value>
</tagged>
<arcpath id="000" x="421" y="192" curvePoint="false"/>
<arcpath id="001" x="493" y="154" curvePoint="false"/>
<type value="normal"/>
</arc>
</net>
</pnml>
