<?xml version="1.0" encoding="iso-8859-1"?>
<pnml>
<net id="Net-One" type="PrT net">
<tokenclass id="Default" enabled="true" red="0" green="0" blue="0"/>
<place id="P1">
<graphics>
<position x="105.0" y="150.0"/>
</graphics>
<name>
<value>P1</value>
<graphics>
<offset x="15.0" y="-7.0"/>
</graphics>
</name>
<initialMarking>
<value>Default,</value>
<graphics>
<offset x="0.0" y="0.0"/>
</graphics>
</initialMarking>
<capacity>
<value>0</value>
</capacity>
</place>
<place id="P4">
<graphics>
<position x="270.0" y="90.0"/>
</graphics>
<name>
<value>P6</value>
<graphics>
<offset x="-6.0" y="0.0"/>
</graphics>
</name>
<initialMarking>
<value>Default,</value>
<graphics>
<offset x="0.0" y="0.0"/>
</graphics>
</initialMarking>
<capacity>
<value>0</value>
</capacity>
</place>
<place id="P5">
<graphics>
<position x="270.0" y="210.0"/>
</graphics>
<name>
<value>P5</value>
<graphics>
<offset x="-5.0" y="35.0"/>
</graphics>
</name>
<initialMarking>
<value>Default,</value>
<graphics>
<offset x="0.0" y="0.0"/>
</graphics>
</initialMarking>
<capacity>
<value>0</value>
</capacity>
</place>
<place id="P6">
<graphics>
<position x="420.0" y="90.0"/>
</graphics>
<name>
<value>P8</value>
<graphics>
<offset x="-5.0" y="35.0"/>
</graphics>
</name>
<initialMarking>
<value>Default,</value>
<graphics>
<offset x="0.0" y="0.0"/>
</graphics>
</initialMarking>
<capacity>
<value>0</value>
</capacity>
</place>
<place id="P7">
<graphics>
<position x="420.0" y="210.0"/>
</graphics>
<name>
<value>P7</value>
<graphics>
<offset x="-5.0" y="35.0"/>
</graphics>
</name>
<initialMarking>
<value>Default,</value>
<graphics>
<offset x="0.0" y="0.0"/>
</graphics>
</initialMarking>
<capacity>
<value>0</value>
</capacity>
</place>
<place id="P8">
<graphics>
<position x="570.0" y="150.0"/>
</graphics>
<name>
<value>P2</value>
<graphics>
<offset x="-5.0" y="35.0"/>
</graphics>
</name>
<initialMarking>
<value>Default,</value>
<graphics>
<offset x="0.0" y="0.0"/>
</graphics>
</initialMarking>
<capacity>
<value>0</value>
</capacity>
</place>
<transition id="T2">
<graphics>
<position x="345.0" y="90.0"/>
</graphics>
<name>
<value>T6</value>
<graphics>
<offset x="21.0" y="46.0"/>
</graphics>
</name>
<orientation>
<value>0</value>
</orientation>
<guard>
<value/>
</guard>
<effect>
<value/>
</effect>
<subnet>
<value>123.xml</value>
</subnet>
<rate>
<value>1.0</value>
</rate>
<timed>
<value>false</value>
</timed>
<infiniteServer>
<value>false</value>
</infiniteServer>
<priority>
<value>1</value>
</priority>
</transition>
<transition id="T3">
<graphics>
<position x="195.0" y="150.0"/>
</graphics>
<name>
<value>T4</value>
<graphics>
<offset x="17.0" y="-7.0"/>
</graphics>
</name>
<orientation>
<value>0</value>
</orientation>
<guard>
<value/>
</guard>
<effect>
<value/>
</effect>
<subnet>
<value/>
</subnet>
<rate>
<value>1.0</value>
</rate>
<timed>
<value>false</value>
</timed>
<infiniteServer>
<value>false</value>
</infiniteServer>
<priority>
<value>1</value>
</priority>
</transition>
<transition id="T4">
<graphics>
<position x="345.0" y="210.0"/>
</graphics>
<name>
<value>T5</value>
<graphics>
<offset x="22.0" y="50.0"/>
</graphics>
</name>
<orientation>
<value>0</value>
</orientation>
<guard>
<value/>
</guard>
<effect>
<value/>
</effect>
<subnet>
<value/>
</subnet>
<rate>
<value>1.0</value>
</rate>
<timed>
<value>true</value>
</timed>
<infiniteServer>
<value>false</value>
</infiniteServer>
<priority>
<value>1</value>
</priority>
</transition>
<transition id="T5">
<graphics>
<position x="480.0" y="150.0"/>
</graphics>
<name>
<value>T7</value>
<graphics>
<offset x="26.0" y="-4.0"/>
</graphics>
</name>
<orientation>
<value>0</value>
</orientation>
<guard>
<value/>
</guard>
<effect>
<value/>
</effect>
<subnet>
<value/>
</subnet>
<rate>
<value>1.0</value>
</rate>
<timed>
<value>true</value>
</timed>
<infiniteServer>
<value>false</value>
</infiniteServer>
<priority>
<value>1</value>
</priority>
</transition>
<arc id="P1 to T3" source="P1" target="T3">
<graphics/>
<inscription>
<value>Default,</value>
<graphics/>
</inscription>
<tagged>
<value>false</value>
</tagged>
<arcpath id="000" x="131" y="162" curvePoint="false"/>
<arcpath id="001" x="201" y="162" curvePoint="false"/>
<type value="normal"/>
</arc>
<arc id="P4 to T2" source="P4" target="T2">
<graphics/>
<inscription>
<value>Default,</value>
<graphics/>
</inscription>
<tagged>
<value>false</value>
</tagged>
<arcpath id="000" x="296" y="102" curvePoint="false"/>
<arcpath id="001" x="351" y="102" curvePoint="false"/>
<type value="normal"/>
</arc>
<arc id="P5 to T4" source="P5" target="T4">
<graphics/>
<inscription>
<value>Default,</value>
<graphics/>
</inscription>
<tagged>
<value>false</value>
</tagged>
<arcpath id="000" x="296" y="222" curvePoint="false"/>
<arcpath id="001" x="351" y="222" curvePoint="false"/>
<type value="normal"/>
</arc>
<arc id="P6 to T5" source="P6" target="T5">
<graphics/>
<inscription>
<value>Default,</value>
<graphics/>
</inscription>
<tagged>
<value>false</value>
</tagged>
<arcpath id="000" x="442" y="112" curvePoint="false"/>
<arcpath id="001" x="487" y="157" curvePoint="false"/>
<type value="normal"/>
</arc>
<arc id="P7 to T5" source="P7" target="T5">
<graphics/>
<inscription>
<value>Default,</value>
<graphics/>
</inscription>
<tagged>
<value>false</value>
</tagged>
<arcpath id="000" x="442" y="210" curvePoint="false"/>
<arcpath id="001" x="486" y="167" curvePoint="false"/>
<type value="normal"/>
</arc>
<arc id="T2 to P6" source="T2" target="P6">
<graphics/>
<inscription>
<value>Default,</value>
<graphics/>
</inscription>
<tagged>
<value>false</value>
</tagged>
<arcpath id="000" x="361" y="102" curvePoint="false"/>
<arcpath id="001" x="417" y="102" curvePoint="false"/>
<type value="normal"/>
</arc>
<arc id="T3 to P4" source="T3" target="P4">
<graphics/>
<inscription>
<value>Default,</value>
<graphics/>
</inscription>
<tagged>
<value>false</value>
</tagged>
<arcpath id="000" x="212" y="157" curvePoint="false"/>
<arcpath id="001" x="270" y="111" curvePoint="false"/>
<type value="normal"/>
</arc>
<arc id="T3 to P5" source="T3" target="P5">
<graphics/>
<inscription>
<value>Default,</value>
<graphics/>
</inscription>
<tagged>
<value>false</value>
</tagged>
<arcpath id="000" x="211" y="167" curvePoint="false"/>
<arcpath id="001" x="270" y="212" curvePoint="false"/>
<type value="normal"/>
</arc>
<arc id="T4 to P7" source="T4" target="P7">
<graphics/>
<inscription>
<value>Default,</value>
<graphics/>
</inscription>
<tagged>
<value>false</value>
</tagged>
<arcpath id="000" x="361" y="222" curvePoint="false"/>
<arcpath id="001" x="417" y="222" curvePoint="false"/>
<type value="normal"/>
</arc>
<arc id="T5 to P8" source="T5" target="P8">
<graphics/>
<inscription>
<value>Default,</value>
<graphics/>
</inscription>
<tagged>
<value>false</value>
</tagged>
<arcpath id="000" x="496" y="162" curvePoint="false"/>
<arcpath id="001" x="567" y="162" curvePoint="false"/>
<type value="normal"/>
</arc>
</net>
</pnml>
